seed,defender,worst_benchmark,worst_quality,worst_leakage,worst_severe,worst_family,worst_intensity
42,Sentinel,-1.137988059377058,0.4791750382788202,0.8981630976558781,469.0,mixed,0.9794876448085974
42,Sentinel-final,-1.286512516333833,0.4567213409588223,0.9989838572926552,494.2499999999999,udp,0.9623363756569872
42,PPO-NoShield (Sentinel),-1.167242607614083,0.4755150207022118,0.8960076283162948,496.7499999999999,mixed,0.9872990728807786
42,ShieldOnly,-0.9428548395171684,0.4832779684997317,0.9193828080169002,256.75000000000006,mixed,0.9707861128140745
42,Static,-0.9968807267105918,0.4956440231902621,0.990274749900854,253.25,http,0.9868113008561936
42,Adaptive,-0.7164438664049888,0.5513350132234974,0.9870288796284864,30.750000000000007,mixed,0.97245096075223
42,Random,-0.9670649731582064,0.4750264881538902,0.9250914613120969,267.0,udp,0.978629530816306
42,span,-0.6962973424851384,0.5190040982738291,0.9380514407589676,27.250000000000004,mixed,0.960883691972323
42,span_cgrpo,-0.7097394644999722,0.5088076718771366,0.9367971363771088,31.750000000000007,mixed,0.9758811964297606
42,span_nosafe,-0.7158729666228432,0.5158445271120052,0.9327174937348484,50.5,mixed,0.9693856295887744
42,span_entropy,-0.717206034401395,0.5179385286933537,0.9240195630947486,62.5,mixed,0.950225948572592
42,nscsd,-1.1366537498922444,0.4760494613531779,0.8844532112454223,479.25,mixed,0.9695903950865552
42,nscsd-tree,-1.130237630124608,0.4771929011870733,0.8830555313116812,475.5000000000001,mixed,0.9690341570611788
42,ppo,-0.7297452503201131,0.506223091923091,0.921718342243204,64.25,mixed,0.9643663789292348
43,Sentinel,-0.7762105308994365,0.5725716716447085,0.8767822025441451,262.49999999999994,http,0.9703693956524656
43,Sentinel-final,-0.6901728682517417,0.5769772024458699,0.8626500706976117,195.0,http,0.9720915954031571
43,PPO-NoShield (Sentinel),-0.9688228623851096,0.5313424396847726,0.9124153020698822,353.5,http,0.9791369374226644
43,ShieldOnly,-0.9081901795289712,0.4872525110944748,0.906067690623446,241.00000000000003,http,0.9689387570696202
43,Static,-0.7682724674470469,0.5334655024220329,0.9771129698690798,83.74999999999999,http,0.9462972158433558
43,Adaptive,-0.7123098356165678,0.5577123647978663,0.991647200414434,33.75000000000001,http,0.9734583432175514
43,Random,-0.9712664093996132,0.4750727861820509,0.932089195581664,264.25,udp,0.9741361291878528
43,span,-0.7221550313908065,0.5213311385480818,0.9043611699388884,95.0,mixed,0.9596272000759308
43,span_cgrpo,-0.6741873355506194,0.5225104606235167,0.917947796174136,28.750000000000004,mixed,0.9503178889618747
43,span_nosafe,-1.114352220392437,0.4784718716377492,0.8795740920301863,464.75,mixed,0.9753655896714222
43,span_entropy,-1.1060352889616871,0.4794752553301867,0.8791355442918741,458.25000000000006,mixed,0.9789051018636884
43,nscsd,-0.9497620674857477,0.4557843848298725,0.6605464523156204,494.99999999999983,syn,0.9730347416045212
43,nscsd-tree,-0.9612511457874244,0.4622015339066839,0.6813276796941082,492.5,syn,0.97657869946961
43,ppo,-0.684659105457268,0.5215348743010243,0.9241939797582924,33.75000000000001,mixed,0.9493032926706886
44,Sentinel,-0.7542209387061288,0.4988453944405636,0.9268163331466924,76.25000000000001,mixed,0.9775756438930084
44,Sentinel-final,-0.7115680236500748,0.5056868522412449,0.9352548758913196,32.00000000000001,mixed,0.9775314143294804
44,PPO-NoShield (Sentinel),-1.255055774634515,0.4816636883302487,0.9992194629647636,488.5,udp,0.9838614242871392
44,ShieldOnly,-0.9629399748355468,0.477944456292608,0.921759431128155,269.25,http,0.9786721342451808
44,Static,-0.9055979140686956,0.4992293095496753,0.994077223618371,161.75,http,0.9781208564501565
44,Adaptive,-0.7281820064074888,0.5495424664215386,0.9964744728290272,31.250000000000007,http,0.9712458662203296
44,Random,-0.982332940718212,0.4766977395084774,0.9387806802266891,271.25000000000006,icmp,0.973360095754854
44,span,-0.7130199423548176,0.516318196815816,0.9284631391706336,51.00000000000001,mixed,0.9673830577667728
44,span_cgrpo,-0.7377605580563151,0.5075706677690465,0.9387062258253616,56.75,mixed,0.9842108197219912
44,span_nosafe,-0.7299875436894545,0.5112584577927728,0.9272460014822274,65.5,mixed,0.9827091158366702
44,span_entropy,-0.7175915100044754,0.5105574210062073,0.9476489310106826,30.500000000000007,mixed,0.9874889104081118
44,nscsd,-1.153564037888864,0.4244582032162971,0.8331472411051614,494.99999999999983,mixed,0.9750127949777094
44,nscsd-tree,-1.1525972531741298,0.4250211178931014,0.8327433710672313,494.99999999999983,mixed,0.9743609217759446
44,ppo,-1.0784268758650466,0.4875009160714776,0.9130527919365242,402.9999999999999,mixed,0.9875757910545352
45,Sentinel,-1.217643109723167,0.4788378360783718,0.9857309458015387,460.75,http,0.9844007523505272
45,Sentinel-final,-1.217821488642514,0.4822588036293833,0.9898302922718974,462.5,http,0.9852504914391867
45,PPO-NoShield (Sentinel),-1.2253146211454702,0.4807466103924256,0.987186231537896,470.00000000000006,http,0.9844139195994228
45,ShieldOnly,-0.9666596693552262,0.4787709477840334,0.9248056171392596,271.25000000000006,http,0.9822706206315832
45,Static,-0.8527936458426868,0.5060541852209203,0.9968478310636072,112.0,http,0.9572844495010602
45,Adaptive,-0.7189566708074911,0.5549414998782216,0.9993981706857128,25.500000000000004,http,0.965863864262233
45,Random,-0.9844301338934872,0.4762101691594019,0.9391403030528892,271.50000000000006,icmp,0.974840212416535
45,span,-0.6956552979233501,0.5319738290583176,0.9385041269816676,39.500000000000014,mixed,0.9631543275436892
45,span_cgrpo,-1.0783117544259888,0.4885632852681396,0.9111250396941284,407.25,mixed,0.9864556909560832
45,span_nosafe,-1.1298561056526026,0.4845785762576066,0.9046846819102092,459.75,mixed,0.990343819767693
45,span_entropy,-1.1130312547747467,0.4862812607820301,0.917437515556777,432.5,mixed,0.9847750989652158
45,nscsd,-1.161686352959938,0.4406562641355246,0.8568426170954627,495.49999999999983,mixed,0.9730854279027036
45,nscsd-tree,-1.15863745115389,0.4416104690616182,0.8547479202155083,495.49999999999983,mixed,0.9742426607997324
45,ppo,-0.7446001394540622,0.5038084816167508,0.9271586210708131,72.50000000000001,mixed,0.9872659968199512
46,Sentinel,-1.1962711496503946,0.4815416219963471,0.9859377716467416,442.25000000000006,http,0.9709874891621484
46,Sentinel-final,-1.2611704196323783,0.4759171214736163,0.9982125411059948,488.9999999999999,udp,0.9813200854694676
46,PPO-NoShield (Sentinel),-1.223758404978616,0.4790724948142615,0.9854558997928776,467.75,http,0.9754253482875128
46,ShieldOnly,-0.9491316836007704,0.4799297778828254,0.9153114614835955,263.75000000000006,mixed,0.9732856360962066
46,Static,-0.7713494893639821,0.5136458637175502,0.9697453530815322,65.25,http,0.9538376158071906
46,Adaptive,-0.7125146496676016,0.5510705970566275,0.9833352467242292,30.250000000000007,mixed,0.9725175232536272
46,Random,-1.0067490720982877,0.4709985097625724,0.9397475818608602,288.0,udp,0.977682432682996
46,span,-0.6923722798585836,0.5259554122441342,0.9373276921027178,31.000000000000007,mixed,0.9675866946857952
46,span_cgrpo,-0.6974862500938994,0.5082483297889544,0.9262345798828536,29.500000000000007,mixed,0.9742179305597064
46,span_nosafe,-0.6997297994271403,0.5115361964193704,0.9302659958465108,31.000000000000007,mixed,0.9742179305597064
46,span_entropy,-0.6803130570848008,0.5184275784266899,0.9217406355114908,27.000000000000004,mixed,0.9659095991908716
46,nscsd,-1.1475153382049592,0.4283335559470938,0.8315988941520531,494.2499999999999,mixed,0.9546790011462372
46,nscsd-tree,-1.152962906603887,0.429372729861342,0.8377106364652287,494.7499999999999,mixed,0.9526349726878804
46,ppo,-0.8257206164883668,0.4997754211093592,0.8906210375977259,186.75,mixed,0.980674662561875
47,Sentinel,-1.2669963603230392,0.4777536396769607,1.0,494.7499999999999,http,0.9786920377119164
47,Sentinel-final,-1.191633745120796,0.4930036244221047,0.9918873695429008,447.75,udp,0.9795691736052908
47,PPO-NoShield (Sentinel),-1.2721260765843423,0.4771239234156577,1.0,499.25,http,0.9786920377119164
47,ShieldOnly,-0.9323064190602508,0.4832414713180765,0.9021728903783274,264.0,mixed,0.9779323265050386
47,Static,-0.7851968394479505,0.5073882392126812,0.9792100786606316,65.0,http,0.9713910762073488
47,Adaptive,-0.705768818192368,0.5678340012517556,0.9977278194441236,27.250000000000007,http,0.939726603604062
47,Random,-0.9402864419625028,0.4914716410925783,0.9267580830550812,262.74999999999994,http,0.9734852090301612
47,span,-0.7544841254210022,0.512458567211744,0.8964426926327462,122.5,http,0.9728276674675548
47,span_cgrpo,-1.1545751269208298,0.4566796656835792,0.866504792604409,494.7499999999999,mixed,0.975423520333812
47,span_nosafe,-1.153094576340151,0.4519519824660091,0.8654215588061602,490.7499999999999,mixed,0.969812924396656
47,span_entropy,-1.1560430452725168,0.4440546231607515,0.8599726684332685,491.74999999999983,mixed,0.9853259589883232
47,nscsd,-0.8883844718997865,0.4864086258377186,0.804043097737505,328.25000000000006,http,0.977642467725548
47,nscsd-tree,-0.9423738321468116,0.4803751414929933,0.8064989736398047,369.25,icmp,0.9706595787184724
47,ppo,-0.8933890295507072,0.5016591156485415,0.9170481451992488,231.5,mixed,0.9806420622043928
48,Sentinel,-1.2683066536977106,0.4741267020846087,0.9994333557823196,492.9999999999999,http,0.9809172512390878
48,Sentinel-final,-1.2778257239270256,0.4671742760729742,1.0,494.99999999999983,http,0.981338649471627
48,PPO-NoShield (Sentinel),-1.270297592898755,0.4747248189716014,0.9992724118703564,496.2499999999999,http,0.9806099069012366
48,ShieldOnly,-0.9671013192559924,0.4757331090943603,0.9163344283503528,276.50000000000006,mixed,0.9789464108637344
48,Static,-0.8746424965987001,0.5002083437991649,0.987975840397865,137.74999999999997,http,0.9762568534972564
48,Adaptive,-0.7319106786943396,0.5489165265986932,0.9995772052930328,31.750000000000007,http,0.9716495399588532
48,Random,-0.9124824658139046,0.4893272754702679,0.9213097412841726,231.75,udp,0.9602099367000552
48,span,-0.6947065753978933,0.5348807815877787,0.950587356985672,29.250000000000004,mixed,0.9628164557218976
48,span_cgrpo,-0.8847442560505125,0.4929160080612089,0.9034102641117212,224.75,mixed,0.97420049810662
48,span_nosafe,-0.6915720473142908,0.5185034762009069,0.9320755235151976,28.500000000000007,mixed,0.9690033291142636
48,span_entropy,-0.6975863379865552,0.5188623169889244,0.9389486549754796,28.000000000000004,mixed,0.9703942594746162
48,nscsd,-1.1374390019223055,0.4376794466190053,0.8321184485413109,493.4999999999999,mixed,0.9682540097443466
48,nscsd-tree,-1.1391557928366234,0.4366772747527513,0.8340830675893749,492.49999999999983,mixed,0.969254122219216
48,ppo,-0.7186329654346738,0.5020466730605481,0.915179638495222,55.49999999999999,mixed,0.9611058690005708
49,Sentinel,-1.1293522062597232,0.4913702654694837,0.989347471729207,382.75,http,0.966373887122194
49,Sentinel-final,-0.7937065863539478,0.5050787849763804,0.998285371330328,50.50000000000001,udp,0.939632115730271
49,PPO-NoShield (Sentinel),-1.182386405475804,0.4878921156273316,0.9935285211031356,427.25,http,0.9665116290418572
49,ShieldOnly,-0.8950350214645282,0.4962722411757808,0.930432262640309,211.75000000000003,http,0.9452774665229968
49,Static,-0.7438298525458729,0.5256509607155271,0.9979808132614,21.5,http,0.919841776229307
49,Adaptive,-0.6944177703320357,0.5783568608372613,0.997524631169297,25.25,http,0.9153307962167326
49,Random,-0.9129294289218224,0.4933962012628496,0.941325630184672,215.0,udp,0.9388076627347242
49,span,-0.6783513234469019,0.5323337500275894,0.9315600734744912,31.750000000000007,mixed,0.9344865750780648
49,span_cgrpo,-0.6834395822476531,0.5332745937153142,0.9328391759629672,35.500000000000014,mixed,0.9410976448496412
49,span_nosafe,-0.6712793048779337,0.5339608019573968,0.9318651068353306,25.0,mixed,0.916200969312904
49,span_entropy,-0.6814472199894948,0.5331293329500033,0.934826552939498,31.500000000000007,mixed,0.9197176657793248
49,nscsd,-1.1654614538289638,0.4741759852567182,0.896137439085682,493.5,mixed,0.963806838620452
49,nscsd-tree,-1.1656848658235242,0.4735658458824182,0.8955007117059424,493.7499999999999,mixed,0.963312760359068
49,ppo,-0.6883598481155018,0.5150086184167261,0.931618466532228,21.750000000000004,mixed,0.9397474190596596
50,Sentinel,-1.2640890918558068,0.4750274021780719,0.9989914940338784,490.75,http,0.9892635260912972
50,Sentinel-final,-1.2564634143147544,0.4793451051442344,0.998308519458989,487.49999999999983,syn,0.9876339446708002
50,PPO-NoShield (Sentinel),-1.271113154790079,0.4738577953301178,0.9990959501201966,496.5,http,0.9904001346839506
50,ShieldOnly,-0.9105759844891644,0.4898000926909979,0.9241260771801624,226.75,http,0.9573599650630372
50,Static,-1.1573592880597403,0.4954646930067889,0.9983239810665296,404.5,http,0.9972569584509804
50,Adaptive,-0.7288411868789946,0.5468530048050234,0.995944191684018,29.750000000000007,http,0.977845512526868
50,Random,-0.9948684888664951,0.4718975673824375,0.9362660562489328,280.5,udp,0.9866516368860168
50,span,-0.8281869121332778,0.4942238642537169,0.8471607763869946,226.5,udp,0.9788161920412022
50,span_cgrpo,-0.7817617391456119,0.4989686301497811,0.877980369295393,154.5,http,0.9753195110424486
50,span_nosafe,-1.0224495728861287,0.4899639754159728,0.8581635483021014,410.25,udp,0.9953679177396642
50,span_entropy,-1.029309367506562,0.4733424749024624,0.7581518424090244,494.49999999999983,syn,0.9912432089420172
50,nscsd,-1.0243589614862554,0.4894642956396159,0.8231982571258714,456.7499999999999,mixed,0.9751929091713056
50,nscsd-tree,-1.024398759065348,0.4889094404458854,0.8226831995112335,456.7499999999999,mixed,0.9751929091713056
50,ppo,-0.7902848809261594,0.4973305456035081,0.8827404265296674,155.50000000000003,syn,0.9782678042982242
51,Sentinel,-0.7018891975888707,0.5132106601304934,0.941349857719364,24.500000000000004,mixed,0.9725011411853616
51,Sentinel-final,-0.7096599158247741,0.5094442675424535,0.9366041833672276,33.25000000000001,mixed,0.9697356516538932
51,PPO-NoShield (Sentinel),-1.1446472997548662,0.5039545866503949,0.998101886405261,408.75000000000006,icmp,0.9932275504183812
51,ShieldOnly,-0.9098792456418848,0.5071951395188357,0.9250743851607206,256.00000000000006,http,0.9826653672727088
51,Static,-0.9075080564370664,0.5141155868638615,0.9843736433009278,195.75,http,0.9842782861765786
51,Adaptive,-0.6911000153542077,0.574392983424885,0.9988679987790928,28.000000000000007,http,0.962072208063002
51,Random,-1.0074403553557152,0.4737544132813548,0.94706976863707,285.25,icmp,0.9805794269499738
51,span,-0.68609429795006,0.5249841172024343,0.9384534151524944,23.75,mixed,0.9569776691865056
51,span_cgrpo,-0.6391367881845582,0.5302049336848461,0.8403417218694044,91.5,mixed,0.9822199575070174
51,span_nosafe,-0.7703328622722966,0.4992550810699141,0.9155879433422108,104.0,mixed,0.9809064155587311
51,span_entropy,-0.5809524343059076,0.5327423603551656,0.8459447946610732,30.250000000000007,mixed,0.9721449364561808
51,nscsd,-0.9574803594172204,0.5041806913541229,0.7880360507713435,435.0,http,0.9803144816493496
51,nscsd-tree,-0.8857549414588791,0.5171416485944162,0.8282715900532953,340.5,http,0.9866364560135636
51,ppo,-0.7700490423137649,0.5200433605538884,0.8625924028676533,190.0,mixed,0.9873224367913672
42,span_abscost,-0.7298516710873386,0.5112243920660905,0.9224510631534292,70.25,mixed,0.9654466969680886
42,maxmc_only,-0.7040714820410285,0.5106147624008878,0.9341862444419164,30.500000000000007,mixed,0.9770042025166954
42,span_cgrpo_safe,-0.6960504939779619,0.5187381287704615,0.9377886227484236,27.000000000000004,mixed,0.960883691972323
43,span_abscost,-1.0216976838656229,0.5046528981203754,0.865100581985998,419.75000000000006,mixed,0.9712228216688048
43,maxmc_only,-0.8789261564221823,0.4967740965748438,0.8929502529970261,235.75,mixed,0.97793788012913
43,span_cgrpo_safe,-0.6842019218125351,0.5335696750600574,0.9380215968725923,32.50000000000001,mixed,0.9671314505345824
44,span_abscost,-0.7295880378567877,0.5014215259471018,0.9327595638038896,48.25,mixed,0.9844456017337148
44,maxmc_only,-0.8674689205652666,0.4970340319931775,0.8577529525584442,260.25,http,0.9788201540720384
44,span_cgrpo_safe,-0.714251222905859,0.504795024870357,0.933546247776216,35.50000000000001,mixed,0.9836171117343726
45,span_abscost,-1.12981741794703,0.484543124721299,0.9046105426683292,459.75,mixed,0.990343819767693
45,maxmc_only,-1.151434629447088,0.4509895914990974,0.8602992209461855,492.5,mixed,0.964863597755394
45,span_cgrpo_safe,-0.6900479250573073,0.5403104852091938,0.9522334102665012,28.250000000000007,mixed,0.9634488303736072
46,span_abscost,-0.7702321167892707,0.4981452698734829,0.9156273866627536,102.75,mixed,0.9801149681262764
46,maxmc_only,-0.826782774808166,0.4953311130997144,0.9016138879078804,170.49999999999997,mixed,0.9780800627870224
46,span_cgrpo_safe,-0.6923566524460283,0.5325543908877319,0.9451610433337604,29.750000000000007,mixed,0.9647068523982568
47,span_abscost,-1.139615237905227,0.4584154874056488,0.8637807253108759,485.7499999999999,mixed,0.9553561093331312
47,maxmc_only,-1.1454677785223275,0.4257972740041624,0.83114005252649,491.74999999999983,mixed,0.9845762947286014
47,span_cgrpo_safe,-0.7521650889963764,0.514210086483972,0.8958751754803485,123.0,http,0.9637717665126004
48,span_abscost,-0.6975384381760302,0.519765235037977,0.9393036732140072,28.500000000000007,mixed,0.9697840178537804
48,maxmc_only,-0.7069373958897145,0.5102942536345202,0.8939816495242348,74.5,mixed,0.9489440269031428
48,span_cgrpo_safe,-0.7010210010759141,0.5313367438525322,0.9551077449284462,28.000000000000007,mixed,0.9709809684797884
49,span_abscost,-0.669803398330995,0.5277048295054861,0.9048832278364812,45.00000000000001,mixed,0.9399295118840942
49,maxmc_only,-0.7209439508365832,0.5133059058561036,0.8784998566926868,106.75,mixed,0.930906034201962
49,span_cgrpo_safe,-0.6886662504547931,0.5331863555494226,0.9503526060042156,21.5,mixed,0.9381287407216428
50,span_abscost,-0.9752626522061462,0.4912835676272998,0.915921219833446,301.25,mixed,0.9882481333300416
50,maxmc_only,-1.0086233689419253,0.4686779462834466,0.7380513152253719,489.7499999999999,syn,0.9924087718573562
50,span_cgrpo_safe,-0.7386794765855926,0.5121669595340081,0.9074714361196008,94.0,http,0.9772382181915094
51,span_abscost,-0.8028058688997768,0.5185385059477983,0.9012193748475752,181.50000000000003,mixed,0.9913362755046706
51,maxmc_only,-0.8362372288374562,0.4972277322511629,0.8939649610886192,190.75,http,0.9825581457941628
51,span_cgrpo_safe,-0.7191745244154987,0.5061421076534252,0.9314416320689238,44.00000000000001,mixed,0.9742233604580056
