seed,scenario,defender,quality,leakage,severe,degraded,sla_miss,benchmark,repairs
42,benign,Sentinel,1.0,0.0,0.0,0.0,0.0,1.0,500.0
42,benign,Sentinel-final,1.0,0.0,0.0,0.0,0.0,1.0,500.0
42,benign,PPO-NoShield (Sentinel),1.0,0.0,0.0,0.0,0.0,1.0,0.0
42,benign,ShieldOnly,1.0,0.0,0.0,0.0,0.0,1.0,473.0
42,benign,Static,1.0,0.0,0.0,0.0,0.0,1.0,0.0
42,benign,Adaptive,1.0,0.0,0.0,0.0,0.0,1.0,0.0
42,benign,Random,0.980846945051762,0.0,0.0,0.0,31.0,0.980846945051762,0.0
42,benign,straddle,1.0,0.0,0.0,0.0,0.0,1.0,500.0
42,benign,straddle-final,1.0,0.0,0.0,0.0,0.0,1.0,500.0
42,benign,straddle_cgrpo,1.0,0.0,0.0,0.0,0.0,1.0,500.0
42,benign,straddle_cgrpo-final,1.0,0.0,0.0,0.0,0.0,1.0,500.0
42,benign,straddle_nosafe,1.0,0.0,0.0,0.0,0.0,1.0,500.0
42,benign,straddle_nosafe-final,1.0,0.0,0.0,0.0,0.0,1.0,500.0
42,benign,straddle_entropy,1.0,0.0,0.0,0.0,0.0,1.0,500.0
42,benign,straddle_entropy-final,1.0,0.0,0.0,0.0,0.0,1.0,500.0
42,benign,nscsd,1.0,0.0,0.0,0.0,0.0,1.0,500.0
42,benign,nscsd-final,1.0,0.0,0.0,0.0,0.0,1.0,500.0
42,benign,nscsd-tree,1.0,0.0,0.0,0.0,0.0,1.0,0.0
42,benign,ppo,1.0,0.0,0.0,0.0,0.0,1.0,500.0
42,benign,ppo-final,1.0,0.0,0.0,0.0,0.0,1.0,500.0
42,mild_attack,Sentinel,0.9843787759840918,0.8816682947699785,0.0,0.0,0.0,0.1027104812141133,5.0
42,mild_attack,Sentinel-final,0.9226851573683564,1.0,0.0,0.0,0.0,-0.0773148426316435,5.0
42,mild_attack,PPO-NoShield (Sentinel),0.9842482178553874,0.8806788333131177,0.0,0.0,0.0,0.1035693845422697,0.0
42,mild_attack,ShieldOnly,0.9316855249104414,0.9033544517742776,0.0,30.0,136.0,0.0133310731361638,185.0
42,mild_attack,Static,0.9999991339849604,0.9999934539231832,0.0,0.0,0.0,5.680061777479928e-06,0.0
42,mild_attack,Adaptive,0.999848394518505,0.9988554504574866,0.0,0.0,0.0,0.0009929440610184,0.0
42,mild_attack,Random,0.9055040514461988,0.9524378692201192,4.0,57.99999999999999,174.00000000000003,-0.0799338177739201,0.0
42,mild_attack,straddle,0.9564222423647536,0.6683219719149356,0.0,0.0,0.0,0.288100270449818,5.0
42,mild_attack,straddle-final,0.956710715755893,0.6704634718722129,0.0,0.0,0.0,0.28624724388368,5.0
42,mild_attack,straddle_cgrpo,0.94789477282848,0.6214223979674234,0.0,0.0,0.0,0.3264723748610565,5.0
42,mild_attack,straddle_cgrpo-final,0.94789477282848,0.6214223979674234,0.0,0.0,0.0,0.3264723748610565,5.0
42,mild_attack,straddle_nosafe,0.937173245457199,0.5928718974361524,0.0,0.0,0.0,0.3443013480210466,5.0
42,mild_attack,straddle_nosafe-final,0.937173245457199,0.5928718974361524,0.0,0.0,0.0,0.3443013480210466,5.0
42,mild_attack,straddle_entropy,0.9292879905881106,0.6111797120307696,0.0,0.0,3.0,0.318108278557341,5.0
42,mild_attack,straddle_entropy-final,0.9292879905881106,0.6111797120307696,0.0,0.0,3.0,0.318108278557341,5.0
42,mild_attack,nscsd,0.964430054865452,0.7330065628531437,0.0,0.0,0.0,0.2314234920123083,5.0
42,mild_attack,nscsd-final,0.959035086624504,0.693836264433257,0.0,0.0,0.0,0.2651988221912469,5.0
42,mild_attack,nscsd-tree,0.9642147309837604,0.7314782086929499,0.0,0.0,0.0,0.2327365222908106,0.0
42,mild_attack,ppo,0.9871689108297514,0.904981874344706,0.0,0.0,0.0,0.0821870364850455,498.0
42,mild_attack,ppo-final,0.9922858748040622,0.9427674876105372,0.0,0.0,0.0,0.0495183871935248,498.0
42,strong_attack,Sentinel,0.5309163428728951,0.6612736087284675,0.0,500.0,500.0,-0.3803572658555724,5.0
42,strong_attack,Sentinel-final,0.4494426738164374,1.0,495.0,500.0,500.0,-1.2955573261835625,5.0
42,strong_attack,PPO-NoShield (Sentinel),0.5307196804277303,0.6585742766329503,0.0,500.0,500.0,-0.37785459620522,0.0
42,strong_attack,ShieldOnly,0.5015280046153323,0.8045699923002678,168.99999999999997,500.0,500.0,-0.7220419876849355,212.0
42,strong_attack,Static,0.5402584053063283,0.7907355124316013,0.0,500.0,500.0,-0.500477107125273,0.0
42,strong_attack,Adaptive,0.552472006811526,0.958717228872588,0.0,500.0,500.0,-0.656245222061062,0.0
42,strong_attack,Random,0.4754542020874646,0.9084502505777716,261.0,500.0,500.0,-0.9439960484903072,0.0
42,strong_attack,straddle,0.5344728758046271,0.710639052175803,0.0,500.0,500.0,-0.4261661763711759,5.0
42,strong_attack,straddle-final,0.534410257337606,0.7097540507882207,0.0,500.0,500.0,-0.4253437934506147,5.0
42,strong_attack,straddle_cgrpo,0.5291344038483724,0.6364867073386599,0.0,500.0,500.0,-0.3573523034902874,5.0
42,strong_attack,straddle_cgrpo-final,0.5291344038483724,0.6364867073386599,0.0,500.0,500.0,-0.3573523034902874,5.0
42,strong_attack,straddle_nosafe,0.5269012317299857,0.6053585941330535,0.0,500.0,500.0,-0.3284573624030678,5.0
42,strong_attack,straddle_nosafe-final,0.5269012317299857,0.6053585941330535,0.0,500.0,500.0,-0.3284573624030678,5.0
42,strong_attack,straddle_entropy,0.5218455366707424,0.5347173169373305,0.0,500.0,500.0,-0.2628717802665881,5.0
42,strong_attack,straddle_entropy-final,0.5218455366707424,0.5347173169373305,0.0,500.0,500.0,-0.2628717802665881,5.0
42,strong_attack,nscsd,0.5266440887025613,0.60649939146877,0.0,500.0,500.0,-0.3298553027662086,5.0
42,strong_attack,nscsd-final,0.5231420425440048,0.5595373956245645,3.0,500.0,500.0,-0.2893953530805597,5.0
42,strong_attack,nscsd-tree,0.5266354869722069,0.6063787452212125,0.0,500.0,500.0,-0.3297432582490056,0.0
42,strong_attack,ppo,0.537116562517916,0.7535240299847894,2.0,500.0,500.0,-0.4684074674668734,498.0
42,strong_attack,ppo-final,0.5344843666601465,0.7175355018828091,2.0,500.0,500.0,-0.4350511352226626,498.0
42,chaos_flash_crowd,Sentinel,0.5891071464519343,0.6793076016606141,30.0,500.0,500.0,-0.3702004552086798,5.0
42,chaos_flash_crowd,Sentinel-final,0.5036990278325713,1.0,32.0,500.0,500.0,-0.7783009721674288,5.0
42,chaos_flash_crowd,PPO-NoShield (Sentinel),0.588895878230624,0.6766823075593513,30.0,500.0,500.0,-0.3677864293287274,0.0
42,chaos_flash_crowd,ShieldOnly,0.5502563605816863,0.8298163821676298,106.0,500.0,500.0,-0.6355600215859435,166.0
42,chaos_flash_crowd,Static,0.6013155520048377,0.8094174931754088,30.0,500.0,500.0,-0.4881019411705711,0.0
42,chaos_flash_crowd,Adaptive,0.6146880927966701,0.9630848250856084,30.0,500.0,500.0,-0.6283967322889383,0.0
42,chaos_flash_crowd,Random,0.5281928816115261,0.9068444420250992,163.0,500.0,500.0,-0.7916515604135732,0.0
42,chaos_flash_crowd,straddle,0.5932936877561698,0.7258641285106647,30.0,500.0,500.0,-0.412570440754495,5.0
42,chaos_flash_crowd,straddle-final,0.5930724036158936,0.7232425233640585,30.0,500.0,500.0,-0.4101701197481648,5.0
42,chaos_flash_crowd,straddle_cgrpo,0.585599372470583,0.6490698531688028,30.0,500.0,500.0,-0.3434704806982198,5.0
42,chaos_flash_crowd,straddle_cgrpo-final,0.585599372470583,0.6490698531688028,30.0,500.0,500.0,-0.3434704806982198,5.0
42,chaos_flash_crowd,straddle_nosafe,0.583084883266532,0.6188706775387803,30.0,500.0,500.0,-0.3157857942722484,5.0
42,chaos_flash_crowd,straddle_nosafe-final,0.583084883266532,0.6188706775387803,30.0,500.0,500.0,-0.3157857942722484,5.0
42,chaos_flash_crowd,straddle_entropy,0.5767445763954013,0.547604140433814,30.0,500.0,500.0,-0.2508595640384127,5.0
42,chaos_flash_crowd,straddle_entropy-final,0.5767445763954013,0.547604140433814,30.0,500.0,500.0,-0.2508595640384127,5.0
42,chaos_flash_crowd,nscsd,0.58208786864286,0.6159761144445548,30.0,500.0,500.0,-0.3138882458016948,5.0
42,chaos_flash_crowd,nscsd-final,0.5780567700589481,0.5699850972277497,30.0,500.0,500.0,-0.2719283271688016,5.0
42,chaos_flash_crowd,nscsd-tree,0.5820709751919315,0.6157763874688095,30.0,500.0,500.0,-0.313705412276878,0.0
42,chaos_flash_crowd,ppo,0.5954597754270818,0.7664296031165333,30.0,500.0,500.0,-0.4509698276894515,496.0
42,chaos_flash_crowd,ppo-final,0.5935860303930433,0.7370675022914236,30.0,500.0,500.0,-0.4234814718983803,496.0
42,zero_shot_icmp,Sentinel,0.529796752713587,0.6379341922949959,0.0,500.0,500.0,-0.358137439581409,500.0
42,zero_shot_icmp,Sentinel-final,0.5291208475934326,0.6307195600711981,0.0,500.0,500.0,-0.3515987124777655,500.0
42,zero_shot_icmp,PPO-NoShield (Sentinel),0.4567231919781643,0.99340603143995,490.00000000000006,500.0,500.0,-1.2766828394617855,0.0
42,zero_shot_icmp,ShieldOnly,0.5118799694985953,0.6462347401446957,129.0,500.0,500.0,-0.5133547706461005,436.0
42,zero_shot_icmp,Static,0.5408519080111205,0.7911132398242914,0.0,500.0,500.0,-0.5002613318131709,0.0
42,zero_shot_icmp,Adaptive,0.5530994875353233,0.9588641672966604,0.0,500.0,500.0,-0.6557646797613371,0.0
42,zero_shot_icmp,Random,0.478077881491134,0.9208467267083028,271.0,500.0,500.0,-0.9637688452171688,0.0
42,zero_shot_icmp,straddle,0.5307585588117808,0.6513078866996794,0.0,500.0,500.0,-0.3705493278878986,500.0
42,zero_shot_icmp,straddle-final,0.5287241692608028,0.6229644077795036,0.0,500.0,500.0,-0.3442402385187008,477.0
42,zero_shot_icmp,straddle_cgrpo,0.5364656503655634,0.7305309161574857,0.0,500.0,500.0,-0.4440652657919223,500.0
42,zero_shot_icmp,straddle_cgrpo-final,0.5364656503655634,0.7305309161574857,0.0,500.0,500.0,-0.4440652657919223,500.0
42,zero_shot_icmp,straddle_nosafe,0.5352473818570325,0.7136714277598959,0.0,500.0,500.0,-0.4284240459028634,500.0
42,zero_shot_icmp,straddle_nosafe-final,0.5352473818570325,0.7136714277598959,0.0,500.0,500.0,-0.4284240459028634,500.0
42,zero_shot_icmp,straddle_entropy,0.532949321661707,0.6817890019694591,0.0,500.0,500.0,-0.3988396803077521,500.0
42,zero_shot_icmp,straddle_entropy-final,0.532949321661707,0.6817890019694591,0.0,500.0,500.0,-0.3988396803077521,500.0
42,zero_shot_icmp,nscsd,0.5272739013853045,0.6050551865677534,0.0,500.0,500.0,-0.3277812851824488,495.0
42,zero_shot_icmp,nscsd-final,0.5237627649517066,0.5574229007828058,1.0,500.0,500.0,-0.2846601358310991,10.0
42,zero_shot_icmp,nscsd-tree,0.5264263316991891,0.5933484059275599,0.0,500.0,500.0,-0.3169220742283708,495.0
42,zero_shot_icmp,ppo,0.5363366941205603,0.7308968410424174,0.0,500.0,500.0,-0.4445601469218571,500.0
42,zero_shot_icmp,ppo-final,0.5322164651589747,0.6736423868174909,0.0,500.0,500.0,-0.3914259216585162,500.0
43,benign,Sentinel,1.0,0.0,0.0,0.0,0.0,1.0,500.0
43,benign,Sentinel-final,1.0,0.0,0.0,0.0,0.0,1.0,500.0
43,benign,PPO-NoShield (Sentinel),1.0,0.0,0.0,0.0,0.0,1.0,0.0
43,benign,ShieldOnly,1.0,0.0,0.0,0.0,0.0,1.0,466.0
43,benign,Static,1.0,0.0,0.0,0.0,0.0,1.0,0.0
43,benign,Adaptive,1.0,0.0,0.0,0.0,0.0,1.0,0.0
43,benign,Random,0.9795389210617664,0.0,0.0,0.0,25.0,0.9795389210617664,0.0
43,benign,straddle,1.0,0.0,0.0,0.0,0.0,1.0,500.0
43,benign,straddle-final,1.0,0.0,0.0,0.0,0.0,1.0,500.0
43,benign,straddle_cgrpo,1.0,0.0,0.0,0.0,0.0,1.0,500.0
43,benign,straddle_cgrpo-final,1.0,0.0,0.0,0.0,0.0,1.0,500.0
43,benign,straddle_nosafe,1.0,0.0,0.0,0.0,0.0,1.0,500.0
43,benign,straddle_nosafe-final,1.0,0.0,0.0,0.0,0.0,1.0,500.0
43,benign,straddle_entropy,1.0,0.0,0.0,0.0,0.0,1.0,500.0
43,benign,straddle_entropy-final,1.0,0.0,0.0,0.0,0.0,1.0,500.0
43,benign,nscsd,1.0,0.0,0.0,0.0,0.0,1.0,500.0
43,benign,nscsd-final,1.0,0.0,0.0,0.0,0.0,1.0,500.0
43,benign,nscsd-tree,1.0,0.0,0.0,0.0,0.0,1.0,500.0
43,benign,ppo,1.0,0.0,0.0,0.0,0.0,1.0,500.0
43,benign,ppo-final,1.0,0.0,0.0,0.0,0.0,1.0,500.0
43,mild_attack,Sentinel,0.9825947170916935,0.91221922222306,0.0,0.0,0.0,0.0703754948686335,5.0
43,mild_attack,Sentinel-final,0.9848480783368414,0.9235816429349308,0.0,0.0,0.0,0.0612664354019105,5.0
43,mild_attack,PPO-NoShield (Sentinel),0.982449333245917,0.9114864879608036,0.0,0.0,0.0,0.0709628452851134,0.0
43,mild_attack,ShieldOnly,0.9207896073776548,0.917943705956494,3.0,41.99999999999999,140.0,-0.0211540985788391,185.0
43,mild_attack,Static,0.9999998344911588,0.999999165332652,0.0,0.0,0.0,6.691585068274719e-07,0.0
43,mild_attack,Adaptive,0.9997484456017836,0.998731265096566,0.0,0.0,0.0,0.0010171805052175,0.0
43,mild_attack,Random,0.9151794048815602,0.962071000212298,3.0,56.99999999999999,147.00000000000003,-0.0783915953307376,0.0
43,mild_attack,straddle,0.9417368140693316,0.7077523033974995,0.0,0.0,0.0,0.2339845106718321,5.0
43,mild_attack,straddle-final,0.9323427239811416,0.6651155093273704,0.0,0.0,0.0,0.2672272146537713,5.0
43,mild_attack,straddle_cgrpo,0.9296161048217176,0.6509311736097413,0.0,0.0,0.0,0.2786849312119762,5.0
43,mild_attack,straddle_cgrpo-final,0.9296161048217176,0.6509311736097413,0.0,0.0,0.0,0.2786849312119762,5.0
43,mild_attack,straddle_nosafe,0.9521959257346342,0.7589979202992588,0.0,0.0,0.0,0.1931980054353753,5.0
43,mild_attack,straddle_nosafe-final,0.9308640900139648,0.6538431404099556,0.0,0.0,0.0,0.2770209496040092,5.0
43,mild_attack,straddle_entropy,0.9528978950277066,0.7625347617360302,0.0,0.0,0.0,0.1903631332916764,5.0
43,mild_attack,straddle_entropy-final,0.9266179663096624,0.6377288712153805,0.0,0.0,0.0,0.2888890950942819,5.0
43,mild_attack,nscsd,0.9341620878875704,0.6697821440544302,0.0,0.0,0.0,0.2643799438331402,5.0
43,mild_attack,nscsd-final,0.9339515818638268,0.6685745287392382,0.0,0.0,0.0,0.2653770531245885,5.0
43,mild_attack,nscsd-tree,0.9286598354320303,0.6510154314322477,0.0,0.0,0.0,0.2776444039997827,5.0
43,mild_attack,ppo,0.984032624327817,0.9228276939330528,0.0,0.0,0.0,0.0612049303947642,494.0
43,mild_attack,ppo-final,0.9693791188908494,0.8510259086118648,0.0,0.0,0.0,0.1183532102789846,494.0
43,strong_attack,Sentinel,0.5313735752035356,0.7802050498412345,0.0,500.0,500.0,-0.4988314746376989,5.0
43,strong_attack,Sentinel-final,0.5322980735988121,0.7885749793199328,0.0,500.0,500.0,-0.5062769057211207,5.0
43,strong_attack,PPO-NoShield (Sentinel),0.5311756127378293,0.7784069294567519,0.0,500.0,500.0,-0.4972313167189226,0.0
43,strong_attack,ShieldOnly,0.493280401559525,0.8329771887633575,202.0,500.0,500.0,-0.7916967872038325,177.0
43,strong_attack,Static,0.5351513831288367,0.8144024856299008,0.0,500.0,500.0,-0.5292511025010641,0.0
43,strong_attack,Adaptive,0.551579448865027,0.9632519421070168,0.0,500.0,500.0,-0.6616724932419897,0.0
43,strong_attack,Random,0.4752678679155462,0.9229634200618808,269.0,500.0,500.0,-0.9666955521463346,0.0
43,strong_attack,straddle,0.5084819497046985,0.5731336320055668,30.000000000000007,500.0,500.0,-0.3446516823008683,5.0
43,strong_attack,straddle-final,0.5045189255458018,0.5373516933014921,109.0,500.0,500.0,-0.3918327677556903,5.0
43,strong_attack,straddle_cgrpo,0.5129170416257347,0.6132196278450939,5.0,500.0,500.0,-0.3553025862193592,5.0
43,strong_attack,straddle_cgrpo-final,0.5129170416257347,0.6132196278450939,5.0,500.0,500.0,-0.3553025862193592,5.0
43,strong_attack,straddle_nosafe,0.5163015852650806,0.6438266346877501,1.0,500.0,500.0,-0.3785250494226695,5.0
43,strong_attack,straddle_nosafe-final,0.5029046225848939,0.5232147608358152,158.99999999999997,500.0,500.0,-0.4293101382509213,5.0
43,strong_attack,straddle_entropy,0.5170325175041869,0.6504371160901831,0.0,500.0,500.0,-0.3834045985859962,5.0
43,strong_attack,straddle_entropy-final,0.4990796492506416,0.4893276864156551,298.0,500.0,500.0,-0.5382480371650136,100.0
43,strong_attack,nscsd,0.5011423413028439,0.5108593580578418,214.00000000000003,500.0,500.0,-0.4737170167549979,5.0
43,strong_attack,nscsd-final,0.5011903752734848,0.5113503696675206,210.00000000000003,500.0,500.0,-0.4701599943940358,5.0
43,strong_attack,nscsd-tree,0.4999048095497777,0.5073828498074949,223.0,500.0,500.0,-0.4804780402577172,5.0
43,strong_attack,ppo,0.5326144382993434,0.7990262963618677,5.0,500.0,500.0,-0.5214118580625243,495.0
43,strong_attack,ppo-final,0.5197141107870338,0.684350905893187,5.0,500.0,500.0,-0.4196367951061532,495.0
43,chaos_flash_crowd,Sentinel,0.5699480801707767,0.7873791777769299,29.0,500.0,500.0,-0.4964310976061532,5.0
43,chaos_flash_crowd,Sentinel-final,0.5711449857077989,0.7959683853593973,29.0,500.0,500.0,-0.5038233996515984,5.0
43,chaos_flash_crowd,PPO-NoShield (Sentinel),0.5697340715395528,0.7856493659199784,29.0,500.0,500.0,-0.4949152943804256,0.0
43,chaos_flash_crowd,ShieldOnly,0.5261510831713425,0.8434595046190287,145.00000000000003,500.0,500.0,-0.7123084214476862,180.0
43,chaos_flash_crowd,Static,0.5760143390655914,0.8255598935176703,29.0,500.0,500.0,-0.528545554452079,0.0
43,chaos_flash_crowd,Adaptive,0.5935230123298578,0.9660487123058006,29.0,500.0,500.0,-0.6515256999759428,0.0
43,chaos_flash_crowd,Random,0.5187820567895687,0.9215420121210874,160.0,500.0,500.0,-0.8127599553315188,0.0
43,chaos_flash_crowd,straddle,0.5438193918916167,0.5824369121245598,29.0,500.0,500.0,-0.3176175202329432,5.0
43,chaos_flash_crowd,straddle-final,0.5391942923962934,0.5458625004245776,29.0,500.0,500.0,-0.2856682080282843,5.0
43,chaos_flash_crowd,straddle_cgrpo,0.5490955260008067,0.6241116616192034,29.0,500.0,500.0,-0.3540161356183967,5.0
43,chaos_flash_crowd,straddle_cgrpo-final,0.5490955260008067,0.6241116616192034,29.0,500.0,500.0,-0.3540161356183967,5.0
43,chaos_flash_crowd,straddle_nosafe,0.5525184661170643,0.6518824567736494,29.0,500.0,500.0,-0.3783639906565851,5.0
43,chaos_flash_crowd,straddle_nosafe-final,0.537350314984465,0.5320191945853224,29.0,500.0,500.0,-0.2736688796008575,5.0
43,chaos_flash_crowd,straddle_entropy,0.5532961498936533,0.658323277419997,29.0,500.0,500.0,-0.3840271275263437,5.0
43,chaos_flash_crowd,straddle_entropy-final,0.5330896557972717,0.4981200894256453,29.0,500.0,500.0,-0.2440304336283736,88.0
43,chaos_flash_crowd,nscsd,0.5353327974226241,0.5188732800579211,29.0,500.0,500.0,-0.262540482635297,5.0
43,chaos_flash_crowd,nscsd-final,0.535343761816817,0.5191291625403424,29.0,500.0,500.0,-0.2627854007235254,5.0
43,chaos_flash_crowd,nscsd-tree,0.5339950021576894,0.5147529708358519,29.0,500.0,500.0,-0.2597579686781626,5.0
43,chaos_flash_crowd,ppo,0.5718106854625995,0.8049129978705869,29.0,500.0,500.0,-0.5121023124079874,498.0
43,chaos_flash_crowd,ppo-final,0.5577109327448524,0.6921546912071429,31.0,500.0,500.0,-0.4154437584622905,498.0
43,zero_shot_icmp,Sentinel,0.5293547451358078,0.7607920279153948,0.0,500.0,500.0,-0.481437282779587,500.0
43,zero_shot_icmp,Sentinel-final,0.5293556692778997,0.760800324457968,0.0,500.0,500.0,-0.4814446551800683,500.0
43,zero_shot_icmp,PPO-NoShield (Sentinel),0.5309829472162975,0.7755208246442454,0.0,500.0,500.0,-0.4945378774279479,0.0
43,zero_shot_icmp,ShieldOnly,0.5025617151463857,0.6816677401574621,135.0,500.0,500.0,-0.5641060250110764,458.0
43,zero_shot_icmp,Static,0.5352977178518246,0.8145222331382037,0.0,500.0,500.0,-0.5292245152863791,0.0
43,zero_shot_icmp,Adaptive,0.5517522103490193,0.9633946841301376,0.0,500.0,500.0,-0.6616424737811182,0.0
43,zero_shot_icmp,Random,0.4818864945654166,0.91858459721851,265.0,500.0,500.0,-0.9516981026530932,0.0
43,zero_shot_icmp,straddle,0.5206829278582064,0.6824363872377367,0.0,500.0,500.0,-0.4117534593795303,499.0
43,zero_shot_icmp,straddle-final,0.5196644225742959,0.6732362161568679,0.0,500.0,500.0,-0.403571793582572,497.0
43,zero_shot_icmp,straddle_cgrpo,0.5290427961817921,0.7579752232656122,0.0,500.0,500.0,-0.4789324270838201,500.0
43,zero_shot_icmp,straddle_cgrpo-final,0.5290427961817921,0.7579752232656122,0.0,500.0,500.0,-0.4789324270838201,500.0
43,zero_shot_icmp,straddle_nosafe,0.5208056877722049,0.6835446714447599,0.0,500.0,500.0,-0.412738983672555,500.0
43,zero_shot_icmp,straddle_nosafe-final,0.5129427533120292,0.6125369465899546,4.0,500.0,500.0,-0.3535941932779254,5.0
43,zero_shot_icmp,straddle_entropy,0.5217693740091145,0.6922503235806976,0.0,500.0,500.0,-0.4204809495715831,500.0
43,zero_shot_icmp,straddle_entropy-final,0.5118745902469984,0.6028934274807656,5.0,500.0,500.0,-0.3460188372337671,115.0
43,zero_shot_icmp,nscsd,0.5056190613869301,0.5464226932746861,71.00000000000001,500.0,500.0,-0.3618036318877559,6.0
43,zero_shot_icmp,nscsd-final,0.5039243367667028,0.531312796862622,117.0,500.0,500.0,-0.3943884600959192,7.0
43,zero_shot_icmp,nscsd-tree,0.5044826412818804,0.5468792165957777,120.0,500.0,500.0,-0.4123965753138973,500.0
43,zero_shot_icmp,ppo,0.5292513246287867,0.7612576574866821,0.0,500.0,500.0,-0.4820063328578954,500.0
43,zero_shot_icmp,ppo-final,0.5203539841167594,0.6794613908897478,0.0,500.0,500.0,-0.4091074067729884,500.0
44,benign,Sentinel,1.0,0.0,0.0,0.0,0.0,1.0,500.0
44,benign,Sentinel-final,1.0,0.0,0.0,0.0,0.0,1.0,500.0
44,benign,PPO-NoShield (Sentinel),1.0,0.0,0.0,0.0,0.0,1.0,0.0
44,benign,ShieldOnly,1.0,0.0,0.0,0.0,0.0,1.0,467.0
44,benign,Static,1.0,0.0,0.0,0.0,0.0,1.0,0.0
44,benign,Adaptive,1.0,0.0,0.0,0.0,0.0,1.0,0.0
44,benign,Random,0.9800975986015744,0.0,0.0,0.0,28.000000000000004,0.9800975986015744,0.0
44,benign,straddle,1.0,0.0,0.0,0.0,0.0,1.0,500.0
44,benign,straddle-final,1.0,0.0,0.0,0.0,0.0,1.0,500.0
44,benign,straddle_cgrpo,1.0,0.0,0.0,0.0,0.0,1.0,500.0
44,benign,straddle_cgrpo-final,1.0,0.0,0.0,0.0,0.0,1.0,500.0
44,benign,straddle_nosafe,1.0,0.0,0.0,0.0,0.0,1.0,500.0
44,benign,straddle_nosafe-final,1.0,0.0,0.0,0.0,0.0,1.0,500.0
44,benign,straddle_entropy,1.0,0.0,0.0,0.0,0.0,1.0,500.0
44,benign,straddle_entropy-final,0.9999977258637512,0.0,0.0,0.0,0.0,0.9999977258637512,500.0
44,benign,nscsd,1.0,0.0,0.0,0.0,0.0,1.0,499.0
44,benign,nscsd-final,1.0,0.0,0.0,0.0,0.0,1.0,499.0
44,benign,nscsd-tree,1.0,0.0,0.0,0.0,0.0,1.0,0.0
44,benign,ppo,1.0,0.0,0.0,0.0,0.0,1.0,500.0
44,benign,ppo-final,1.0,0.0,0.0,0.0,0.0,1.0,500.0
44,mild_attack,Sentinel,0.9702837237657488,0.941122442368348,0.0,0.0,0.0,0.0291612813974009,6.0
44,mild_attack,Sentinel-final,0.9754181332306994,0.9512936172516816,0.0,0.0,0.0,0.0241245159790178,6.0
44,mild_attack,PPO-NoShield (Sentinel),0.9700270581411076,0.940688020314546,0.0,0.0,0.0,0.0293390378265616,0.0
44,mild_attack,ShieldOnly,0.9244429932116623,0.9388627217120205,2.0,49.0,132.0,-0.040919728500358,32.0
44,mild_attack,Static,0.9999995901769176,0.99999853079212,0.0,0.0,0.0,1.0593847977746762e-06,0.0
44,mild_attack,Adaptive,0.999554396547548,0.9984030437767292,0.0,0.0,0.0,0.0011513527708189,0.0
44,mild_attack,Random,0.9132856087746816,0.9346379592843508,2.0,49.0,162.99999999999997,-0.0478523505096689,0.0
44,mild_attack,straddle,0.9589433126811008,0.8528997902375881,0.0,0.0,0.0,0.1060435224435127,5.0
44,mild_attack,straddle-final,0.9436198450107756,0.7980323655943586,0.0,0.0,0.0,0.145587479416417,5.0
44,mild_attack,straddle_cgrpo,0.9464754499745422,0.8185242282595476,0.0,0.0,0.0,0.1279512217149946,5.0
44,mild_attack,straddle_cgrpo-final,0.9139811728539332,0.7277295399622168,0.0,0.0,60.0,0.1862516328917165,5.0
44,mild_attack,straddle_nosafe,0.9269415690754842,0.7384836705516623,0.0,0.0,0.0,0.1884578985238219,5.0
44,mild_attack,straddle_nosafe-final,0.9169020472091398,0.7040610702629937,0.0,0.0,4.0,0.2128409769461461,5.0
44,mild_attack,straddle_entropy,0.9297756545108704,0.7489951866636783,0.0,0.0,0.0,0.1807804678471921,5.0
44,mild_attack,straddle_entropy-final,0.9182037652741468,0.7118230191804499,0.0,0.0,10.0,0.206380746093697,5.0
44,mild_attack,nscsd,0.917493144578624,0.7046360142588267,0.0,0.0,0.0,0.2128571303197973,5.0
44,mild_attack,nscsd-final,0.917493144578624,0.7046360142588267,0.0,0.0,0.0,0.2128571303197973,5.0
44,mild_attack,nscsd-tree,0.9161375811011692,0.6997860915606327,0.0,0.0,0.0,0.2163514895405365,0.0
44,mild_attack,ppo,0.980360274507736,0.9296148563013568,0.0,0.0,0.0,0.0507454182063794,5.0
44,mild_attack,ppo-final,0.9513451798525944,0.9032282126438476,0.0,0.0,0.0,0.0481169672087467,9.0
44,strong_attack,Sentinel,0.5144226933105953,0.8543956285915157,0.0,500.0,500.0,-0.5899729352809204,5.0
44,strong_attack,Sentinel-final,0.5191680442049422,0.8712247473206899,0.0,500.0,500.0,-0.6020567031157477,5.0
44,strong_attack,PPO-NoShield (Sentinel),0.5140939613954646,0.8532221084687188,0.0,500.0,500.0,-0.5891281470732542,0.0
44,strong_attack,ShieldOnly,0.4860030012896313,0.8801720163702216,232.0,500.0,500.0,-0.8761690150805902,24.0
44,strong_attack,Static,0.5300122548128542,0.8367066578712272,0.0,500.0,500.0,-0.556694403058373,0.0
44,strong_attack,Adaptive,0.5504288830619015,0.9677090349822032,1.0,500.0,500.0,-0.6682801519203018,0.0
44,strong_attack,Random,0.4854006880788624,0.8731050041258419,243.00000000000003,500.0,500.0,-0.8807043160469795,0.0
44,strong_attack,straddle,0.5263880309674706,0.8134892384193755,0.0,500.0,500.0,-0.5371012074519049,5.0
44,strong_attack,straddle-final,0.5206614061654243,0.7767883440777348,0.0,500.0,500.0,-0.5061269379123104,5.0
44,strong_attack,straddle_cgrpo,0.5155143512596141,0.7438264756456482,0.0,500.0,500.0,-0.4783121243860341,5.0
44,strong_attack,straddle_cgrpo-final,0.4975679083550974,0.6293344352505728,355.00000000000006,500.0,500.0,-0.7367665268954753,5.0
44,strong_attack,straddle_nosafe,0.5176425801576827,0.7574533015411999,0.0,500.0,500.0,-0.4898107213835172,5.0
44,strong_attack,straddle_nosafe-final,0.5109185928148735,0.7143907443221533,18.0,500.0,500.0,-0.4714721515072798,5.0
44,strong_attack,straddle_entropy,0.5156034636643219,0.744391576839544,0.0,500.0,500.0,-0.4787881131752222,5.0
44,strong_attack,straddle_entropy-final,0.5110702028194339,0.7153625858478887,19.0,500.0,500.0,-0.4732923830284548,5.0
44,strong_attack,nscsd,0.4855819182378337,0.5523692955414005,495.0,500.0,500.0,-0.8117873773035668,9.0
44,strong_attack,nscsd-final,0.4855819182378337,0.5523692955414005,495.0,500.0,500.0,-0.8117873773035668,9.0
44,strong_attack,nscsd-tree,0.4857714613275322,0.5535837007311428,495.0,500.0,500.0,-0.8128122394036106,0.0
44,strong_attack,ppo,0.5205664720433878,0.7761829095560635,0.0,500.0,500.0,-0.5056164375126757,5.0
44,strong_attack,ppo-final,0.4894469188857878,0.7657792988365462,491.0,500.0,500.0,-1.0173323799507583,5.0
44,chaos_flash_crowd,Sentinel,0.8527868749916863,0.8931162221866735,13.000000000000002,24.0,485.0,-0.0653293471949872,9.0
44,chaos_flash_crowd,Sentinel-final,0.8600823183777535,0.9086326101457668,13.000000000000002,24.0,462.0,-0.0735502917680133,9.0
44,chaos_flash_crowd,PPO-NoShield (Sentinel),0.8522870843589212,0.8925522236578411,13.000000000000002,24.0,490.00000000000006,-0.0652651392989199,0.0
44,chaos_flash_crowd,ShieldOnly,0.820628501116064,0.9077145734394596,16.0,95.0,378.0,-0.1505860723233956,37.0
44,chaos_flash_crowd,Static,0.8825466308873328,0.9185735744665736,7.999999999999998,24.0,260.0,-0.0560269435792407,0.0
44,chaos_flash_crowd,Adaptive,0.9001481838191484,0.9870400352970464,6.0,24.0,78.0,-0.1048918514778979,0.0
44,chaos_flash_crowd,Random,0.814431296215305,0.909546418527022,21.0,103.0,395.0,-0.1676151223117169,0.0
44,chaos_flash_crowd,straddle,0.870806151255662,0.8763782764925943,9.999999999999998,24.0,388.0,-0.0275721252369322,5.0
44,chaos_flash_crowd,straddle-final,0.8628439172121201,0.8461303557667119,13.000000000000002,24.0,444.00000000000006,-0.0082864385545918,5.0
44,chaos_flash_crowd,straddle_cgrpo,0.8449060441786358,0.7822694309953185,18.0,24.0,490.0,0.0326366131833172,5.0
44,chaos_flash_crowd,straddle_cgrpo-final,0.8193251725043151,0.6829125733153404,23.0,24.0,495.0,0.1014125991889747,5.0
44,chaos_flash_crowd,straddle_nosafe,0.8537402561553321,0.8161181257277448,13.000000000000002,24.0,478.00000000000006,0.0126221304275873,6.0
44,chaos_flash_crowd,straddle_nosafe-final,0.8440109543209072,0.7768888005588679,16.0,24.0,489.0,0.0391221537620393,5.0
44,chaos_flash_crowd,straddle_entropy,0.8506538093051492,0.8029580538241158,15.000000000000004,24.0,482.00000000000006,0.0206957554810334,5.0
44,chaos_flash_crowd,straddle_entropy-final,0.8429530838180861,0.7731178700522906,17.0,24.0,489.0,0.0408352137657954,5.0
44,chaos_flash_crowd,nscsd,0.8024856965573391,0.6171888159324495,24.0,24.0,495.0,0.1492968806248897,10.0
44,chaos_flash_crowd,nscsd-final,0.8024856965573391,0.6171888159324495,24.0,24.0,495.0,0.1492968806248897,10.0
44,chaos_flash_crowd,nscsd-tree,0.8027268550375954,0.6181299801663824,23.0,24.0,495.0,0.149596874871213,0.0
44,chaos_flash_crowd,ppo,0.8636154643951585,0.8489568311116378,12.0,24.0,444.00000000000006,-0.0093413667164793,5.0
44,chaos_flash_crowd,ppo-final,0.8208461839112976,0.8232934624248243,19.0,24.0,495.0,-0.0334472785135266,10.0
44,zero_shot_icmp,Sentinel,0.5288576959014023,0.7634948203207289,0.0,500.0,500.0,-0.4846371244193266,500.0
44,zero_shot_icmp,Sentinel-final,0.5288595807540271,0.7634948203207289,0.0,500.0,500.0,-0.4846352395667018,500.0
44,zero_shot_icmp,PPO-NoShield (Sentinel),0.4807719355667704,1.0,500.0,500.0,500.0,-1.2692280644332294,0.0
44,zero_shot_icmp,ShieldOnly,0.5046783633933761,0.6872545697638945,130.0,500.0,500.0,-0.5625762063705184,454.0
44,zero_shot_icmp,Static,0.5350250652411576,0.8162400626449035,0.0,500.0,500.0,-0.5312149974037459,0.0
44,zero_shot_icmp,Adaptive,0.5517839559831256,0.9637306648188596,0.0,500.0,500.0,-0.6619467088357339,0.0
44,zero_shot_icmp,Random,0.4760804540835936,0.9211808968798644,269.99999999999994,500.0,500.0,-0.9651004427962708,0.0
44,zero_shot_icmp,straddle,0.519919293523234,0.6837335292427771,0.0,500.0,500.0,-0.4138142357195431,500.0
44,zero_shot_icmp,straddle-final,0.5242304002917504,0.7215252131632467,0.0,500.0,500.0,-0.4472948128714963,500.0
44,zero_shot_icmp,straddle_cgrpo,0.5191964043182524,0.6774139423824264,0.0,500.0,500.0,-0.4082175380641739,500.0
44,zero_shot_icmp,straddle_cgrpo-final,0.5160132719451871,0.6495392247432863,1.0,500.0,500.0,-0.3845259527980992,500.0
44,zero_shot_icmp,straddle_nosafe,0.5289644139243344,0.7630495395491217,0.0,500.0,500.0,-0.4840851256247873,500.0
44,zero_shot_icmp,straddle_nosafe-final,0.5283084328181418,0.7572981094953242,0.0,500.0,500.0,-0.4789896766771824,500.0
44,zero_shot_icmp,straddle_entropy,0.5289760711908297,0.7631535007314106,0.0,500.0,500.0,-0.4841774295405809,500.0
44,zero_shot_icmp,straddle_entropy-final,0.5277871030980485,0.7527275077662353,0.0,500.0,500.0,-0.4749404046681867,500.0
44,zero_shot_icmp,nscsd,0.4991464140208892,0.5021286961777932,310.0,500.0,500.0,-0.5629822821569039,500.0
44,zero_shot_icmp,nscsd-final,0.4991464140208892,0.5021286961777932,310.0,500.0,500.0,-0.5629822821569039,500.0
44,zero_shot_icmp,nscsd-tree,0.500089016656061,0.5103920883918305,260.0,500.0,500.0,-0.5203030717357695,495.0
44,zero_shot_icmp,ppo,0.5241798238579689,0.7210776389336317,0.0,500.0,500.0,-0.4468978150756628,500.0
44,zero_shot_icmp,ppo-final,0.5151208666747573,0.642841960626358,0.0,500.0,500.0,-0.3777210939516007,500.0
45,benign,Sentinel,1.0,0.0,0.0,0.0,0.0,1.0,500.0
45,benign,Sentinel-final,1.0,0.0,0.0,0.0,0.0,1.0,500.0
45,benign,PPO-NoShield (Sentinel),1.0,0.0,0.0,0.0,0.0,1.0,0.0
45,benign,ShieldOnly,1.0,0.0,0.0,0.0,0.0,1.0,466.0
45,benign,Static,1.0,0.0,0.0,0.0,0.0,1.0,0.0
45,benign,Adaptive,1.0,0.0,0.0,0.0,0.0,1.0,0.0
45,benign,Random,0.9774155406481608,0.0,0.0,0.0,37.00000000000001,0.9774155406481608,0.0
45,benign,straddle,1.0,0.0,0.0,0.0,0.0,1.0,500.0
45,benign,straddle-final,1.0,0.0,0.0,0.0,0.0,1.0,500.0
45,benign,straddle_cgrpo,1.0,0.0,0.0,0.0,0.0,1.0,500.0
45,benign,straddle_cgrpo-final,1.0,0.0,0.0,0.0,0.0,1.0,500.0
45,benign,straddle_nosafe,1.0,0.0,0.0,0.0,0.0,1.0,500.0
45,benign,straddle_nosafe-final,1.0,0.0,0.0,0.0,0.0,1.0,500.0
45,benign,straddle_entropy,1.0,0.0,0.0,0.0,0.0,1.0,500.0
45,benign,straddle_entropy-final,1.0,0.0,0.0,0.0,0.0,1.0,500.0
45,benign,nscsd,1.0,0.0,0.0,0.0,0.0,1.0,500.0
45,benign,nscsd-final,1.0,0.0,0.0,0.0,0.0,1.0,500.0
45,benign,nscsd-tree,1.0,0.0,0.0,0.0,0.0,1.0,0.0
45,benign,ppo,1.0,0.0,0.0,0.0,0.0,1.0,500.0
45,benign,ppo-final,1.0,0.0,0.0,0.0,0.0,1.0,500.0
45,mild_attack,Sentinel,0.9431602436760635,1.0,0.0,0.0,0.0,-0.0568397563239363,5.0
45,mild_attack,Sentinel-final,0.9563391262689128,1.0,0.0,0.0,0.0,-0.0436608737310871,5.0
45,mild_attack,PPO-NoShield (Sentinel),0.9427031507249152,1.0,0.0,0.0,0.0,-0.0572968492750847,0.0
45,mild_attack,ShieldOnly,0.9105334919496992,0.945709712474922,2.0,49.0,156.99999999999997,-0.0616762205252227,24.0
45,mild_attack,Static,0.9999916138862884,1.0,0.0,0.0,0.0,-8.386113711678078e-06,0.0
45,mild_attack,Adaptive,0.99936862998168,1.0,0.0,0.0,2.0,-0.0006313700183199,0.0
45,mild_attack,Random,0.9173966257272071,0.9446863870695028,3.0,52.00000000000001,155.00000000000003,-0.0562897613422955,0.0
45,mild_attack,straddle,0.9661366056530898,0.9113450036879748,0.0,0.0,0.0,0.0547916019651149,7.0
45,mild_attack,straddle-final,0.9677510444906818,0.9155372862738336,0.0,0.0,0.0,0.0522137582168482,7.0
45,mild_attack,straddle_cgrpo,0.8991188995770889,0.9918729906499204,0.0,0.0,459.0,-0.0927540910728315,5.0
45,mild_attack,straddle_cgrpo-final,0.9456056661894252,0.8602684741066551,0.0,0.0,6.0,0.0853371920827701,11.0
45,mild_attack,straddle_nosafe,0.8944301885595968,1.0,0.0,0.0,493.0,-0.1055698114404032,5.0
45,mild_attack,straddle_nosafe-final,0.8960211639628142,0.8005966024541766,0.0,0.0,84.0,0.0954245615086375,80.0
45,mild_attack,straddle_entropy,0.8958526659923687,1.0,0.0,0.0,489.0,-0.1041473340076313,5.0
45,mild_attack,straddle_entropy-final,0.9018345898576918,0.8025600565898368,0.0,0.0,65.0,0.099274533267855,69.0
45,mild_attack,nscsd,0.9337757764430756,0.8371423247850405,0.0,0.0,16.0,0.0966334516580351,21.0
45,mild_attack,nscsd-final,0.9307532876754052,0.8326745445319064,0.0,0.0,20.0,0.0980787431434987,25.0
45,mild_attack,nscsd-tree,0.9403531433922988,0.8502026805752603,0.0,0.0,11.0,0.0901504628170384,3.0
45,mild_attack,ppo,0.979215683990539,0.9450703673869696,0.0,0.0,0.0,0.0341453166035695,6.0
45,mild_attack,ppo-final,0.9817105379718668,0.9514690412859366,0.0,0.0,0.0,0.0302414966859301,5.0
45,strong_attack,Sentinel,0.475827672549819,1.0,495.0,500.0,500.0,-1.269172327450181,5.0
45,strong_attack,Sentinel-final,0.4748662619068607,1.0,495.0,500.0,500.0,-1.2701337380931392,5.0
45,strong_attack,PPO-NoShield (Sentinel),0.4751950497858533,1.0,500.0,500.0,500.0,-1.2748049502141467,0.0
45,strong_attack,ShieldOnly,0.4816819880431219,0.8940875259577442,265.0,500.0,500.0,-0.9274055379146224,32.0
45,strong_attack,Static,0.4937570220745332,1.0,439.0,500.0,500.0,-1.1952429779254667,0.0
45,strong_attack,Adaptive,0.5433048180778478,1.0,5.0,500.0,500.0,-0.7116951819221522,0.0
45,strong_attack,Random,0.4809246362292544,0.8829317432741256,267.99999999999994,500.0,500.0,-0.9200071070448712,0.0
45,strong_attack,straddle,0.5268857860984616,0.8656293722377135,0.0,500.0,500.0,-0.5887435861392519,5.0
45,strong_attack,straddle-final,0.5263318247035834,0.8629945652403291,0.0,500.0,500.0,-0.5866627405367457,5.0
45,strong_attack,straddle_cgrpo,0.5119525537491265,0.795150539424456,4.0,500.0,500.0,-0.5371979856753295,5.0
45,strong_attack,straddle_cgrpo-final,0.5115718427679969,0.7935895041269687,8.0,500.0,500.0,-0.5400176613589718,5.0
45,strong_attack,straddle_nosafe,0.5116823260788216,0.7938750313608102,4.0,500.0,500.0,-0.5361927052819886,5.0
45,strong_attack,straddle_nosafe-final,0.4961812445309645,0.7211113105552516,381.00000000000006,500.0,500.0,-0.8559300660242871,5.0
45,strong_attack,straddle_entropy,0.5121115427644598,0.7959010077917741,3.0,500.0,500.0,-0.5367894650273143,5.0
45,strong_attack,straddle_entropy-final,0.500829956662519,0.7429846331030465,226.00000000000003,500.0,500.0,-0.7181546764405276,5.0
45,strong_attack,nscsd,0.4884759210083753,0.686640899083504,487.0,500.0,500.0,-0.9351649780751288,6.0
45,strong_attack,nscsd-final,0.485924227769266,0.6746752343799928,494.0,500.0,500.0,-0.9327510066107269,6.0
45,strong_attack,nscsd-tree,0.4898573784954909,0.6918316090914095,481.0,500.0,500.0,-0.9329742305959186,0.0
45,strong_attack,ppo,0.5217351873818837,0.8405151299228202,0.0,500.0,500.0,-0.5687799425409364,5.0
45,strong_attack,ppo-final,0.5196311825019573,0.8305784791075943,0.0,500.0,500.0,-0.560947296605637,5.0
45,chaos_flash_crowd,Sentinel,0.7818529090192277,1.0,20.0,21.0,498.00000000000006,-0.2486470909807723,5.0
45,chaos_flash_crowd,Sentinel-final,0.7871445479033745,1.0,18.0,21.0,498.00000000000006,-0.2413554520966254,5.0
45,chaos_flash_crowd,PPO-NoShield (Sentinel),0.7810969347078719,1.0,20.0,21.0,500.0,-0.2494030652921281,0.0
45,chaos_flash_crowd,ShieldOnly,0.7845170258741172,0.9224160806284172,19.0,129.0,492.0,-0.2213990547543,34.0
45,chaos_flash_crowd,Static,0.8253184465243482,1.0,12.0,21.0,500.0,-0.1971815534756518,0.0
45,chaos_flash_crowd,Adaptive,0.8687476978330071,1.0,5.0,22.0,447.0,-0.1472523021669929,0.0
45,chaos_flash_crowd,Random,0.7821787583159422,0.9234792262055947,24.0,135.99999999999997,488.0,-0.2333004678896526,0.0
45,chaos_flash_crowd,straddle,0.8454227077215126,0.9131223932054342,12.0,21.0,495.0,-0.0901996854839215,16.0
45,chaos_flash_crowd,straddle-final,0.8445231072051609,0.9105525692616468,12.0,21.0,495.0,-0.0885294620564858,16.0
45,chaos_flash_crowd,straddle_cgrpo,0.813672170374749,0.8299837223935039,19.0,21.0,499.0,-0.0458115520187548,9.0
45,chaos_flash_crowd,straddle_cgrpo-final,0.8118040522563945,0.8261457008243195,19.0,22.0,499.0,-0.0443416485679249,8.0
45,chaos_flash_crowd,straddle_nosafe,0.8122822723955843,0.8310462278401557,19.0,23.0,499.0,-0.0492639554445714,5.0
45,chaos_flash_crowd,straddle_nosafe-final,0.7888319093880414,0.7665886515884229,20.0,39.99999999999999,499.0,-0.0177567422003815,21.0
45,chaos_flash_crowd,straddle_entropy,0.8132037143128711,0.8328031674300416,18.0,23.0,499.0,-0.0490994531171704,5.0
45,chaos_flash_crowd,straddle_entropy-final,0.7960628950156178,0.785777967204117,20.0,37.99999999999999,499.0,-0.0287150721884991,15.0
45,chaos_flash_crowd,nscsd,0.7921269085210894,0.7741173170777398,18.0,40.99999999999999,500.0,-0.0204904085566504,25.0
45,chaos_flash_crowd,nscsd-final,0.7845828242932029,0.7566580821125378,19.0,43.0,500.0,-0.0125752578193348,27.0
45,chaos_flash_crowd,nscsd-tree,0.7953677859043602,0.7831835379133623,16.0,40.99999999999999,500.0,-0.024315752009002,0.0
45,chaos_flash_crowd,ppo,0.8371961215093613,0.8898429848922556,12.0,21.0,498.00000000000006,-0.0751468633828942,16.0
45,chaos_flash_crowd,ppo-final,0.8367966763897154,0.8888638118096294,12.0,21.0,498.00000000000006,-0.0745671354199139,18.0
45,zero_shot_icmp,Sentinel,0.5274423952562721,0.7566894499617237,0.0,500.0,500.0,-0.4792470547054516,500.0
45,zero_shot_icmp,Sentinel-final,0.525511891937273,0.7399934651390041,0.0,500.0,500.0,-0.4644815732017311,500.0
45,zero_shot_icmp,PPO-NoShield (Sentinel),0.528172523352079,0.7629649479505588,0.0,500.0,500.0,-0.4847924245984798,0.0
45,zero_shot_icmp,ShieldOnly,0.5003380939540175,0.684189488354032,147.0,500.0,500.0,-0.5808513944000145,446.0
45,zero_shot_icmp,Static,0.5344323463015632,0.8171386498991445,0.0,500.0,500.0,-0.5327063035975813,0.0
45,zero_shot_icmp,Adaptive,0.5513646554946943,0.9639075015030552,0.0,500.0,500.0,-0.6625428460083609,0.0
45,zero_shot_icmp,Random,0.4774666821682166,0.9234502127484496,279.99999999999994,500.0,500.0,-0.9759835305802328,0.0
45,zero_shot_icmp,straddle,0.5263244063768361,0.7470146014238008,0.0,500.0,500.0,-0.4706901950469647,500.0
45,zero_shot_icmp,straddle-final,0.5272460241001499,0.7549862361833803,0.0,500.0,500.0,-0.4777402120832305,500.0
45,zero_shot_icmp,straddle_cgrpo,0.5251146684322513,0.7365602109216959,0.0,500.0,500.0,-0.4614455424894446,23.0
45,zero_shot_icmp,straddle_cgrpo-final,0.5245810966771365,0.7331730142540838,0.0,500.0,500.0,-0.4585919175769473,5.0
45,zero_shot_icmp,straddle_nosafe,0.524921867946835,0.7348930821188896,0.0,500.0,500.0,-0.4599712141720545,5.0
45,zero_shot_icmp,straddle_nosafe-final,0.5096514470454424,0.6045019301579665,32.0,500.0,500.0,-0.3768504831125241,6.0
45,zero_shot_icmp,straddle_entropy,0.5252262483755035,0.7375251032569186,0.0,500.0,500.0,-0.4622988548814151,5.0
45,zero_shot_icmp,straddle_entropy-final,0.5147141990173552,0.648568229842209,13.000000000000002,500.0,500.0,-0.3968540308248538,5.0
45,zero_shot_icmp,nscsd,0.5066655565519032,0.5771339480561111,56.00000000000001,500.0,500.0,-0.3764683915042079,500.0
45,zero_shot_icmp,nscsd-final,0.5047130098429404,0.5602796298909343,111.0,500.0,500.0,-0.4165666200479938,500.0
45,zero_shot_icmp,nscsd-tree,0.5070720667924882,0.5806443222683758,47.0,500.0,500.0,-0.3705722554758876,494.0
45,zero_shot_icmp,ppo,0.528215516555526,0.7647080385833234,0.0,500.0,500.0,-0.4864925220277973,500.0
45,zero_shot_icmp,ppo-final,0.526970373564793,0.7539333224038558,0.0,500.0,500.0,-0.4769629488390627,500.0
46,benign,Sentinel,1.0,0.0,0.0,0.0,0.0,1.0,500.0
46,benign,Sentinel-final,1.0,0.0,0.0,0.0,0.0,1.0,500.0
46,benign,PPO-NoShield (Sentinel),1.0,0.0,0.0,0.0,0.0,1.0,0.0
46,benign,ShieldOnly,1.0,0.0,0.0,0.0,0.0,1.0,476.0
46,benign,Static,1.0,0.0,0.0,0.0,0.0,1.0,0.0
46,benign,Adaptive,1.0,0.0,0.0,0.0,0.0,1.0,0.0
46,benign,Random,0.9846662795074264,0.0,0.0,0.0,28.000000000000004,0.9846662795074264,0.0
46,benign,straddle,1.0,0.0,0.0,0.0,0.0,1.0,500.0
46,benign,straddle-final,1.0,0.0,0.0,0.0,0.0,1.0,500.0
46,benign,straddle_cgrpo,1.0,0.0,0.0,0.0,0.0,1.0,500.0
46,benign,straddle_cgrpo-final,1.0,0.0,0.0,0.0,0.0,1.0,500.0
46,benign,straddle_nosafe,1.0,0.0,0.0,0.0,0.0,1.0,500.0
46,benign,straddle_nosafe-final,1.0,0.0,0.0,0.0,0.0,1.0,500.0
46,benign,straddle_entropy,1.0,0.0,0.0,0.0,0.0,1.0,500.0
46,benign,straddle_entropy-final,1.0,0.0,0.0,0.0,0.0,1.0,500.0
46,benign,nscsd,1.0,0.0,0.0,0.0,0.0,1.0,500.0
46,benign,nscsd-final,1.0,0.0,0.0,0.0,0.0,1.0,500.0
46,benign,nscsd-tree,1.0,0.0,0.0,0.0,0.0,1.0,0.0
46,benign,ppo,1.0,0.0,0.0,0.0,0.0,1.0,500.0
46,benign,ppo-final,1.0,0.0,0.0,0.0,0.0,1.0,500.0
46,mild_attack,Sentinel,0.9735249881006632,0.8863166926484768,0.0,0.0,0.0,0.0872082954521864,5.0
46,mild_attack,Sentinel-final,0.9317324577255556,1.0,0.0,0.0,0.0,-0.0682675422744445,5.0
46,mild_attack,PPO-NoShield (Sentinel),0.9733148756719274,0.8854071100113442,0.0,0.0,0.0,0.0879077656605832,0.0
46,mild_attack,ShieldOnly,0.9266883280890276,0.9240287098299638,2.0,38.0,140.0,-0.018340381740936,191.0
46,mild_attack,Static,1.0,1.0,0.0,0.0,0.0,0.0,0.0
46,mild_attack,Adaptive,0.999734128504422,0.9988580067492964,0.0,0.0,0.0,0.0008761217551256,0.0
46,mild_attack,Random,0.9110691321277194,0.9608008806023433,4.0,56.00000000000001,159.0,-0.0817317484746237,0.0
46,mild_attack,straddle,0.935604612108074,0.7240639559989825,0.0,0.0,0.0,0.2115406561090915,5.0
46,mild_attack,straddle-final,0.9346368430194836,0.719852970045606,0.0,0.0,0.0,0.2147838729738775,5.0
46,mild_attack,straddle_cgrpo,0.9248908740734118,0.6941687711564495,0.0,0.0,2.0,0.2307221029169622,5.0
46,mild_attack,straddle_cgrpo-final,0.9338749964684596,0.7166787277348708,0.0,0.0,0.0,0.2171962687335886,5.0
46,mild_attack,straddle_nosafe,0.8969269041834901,0.6532456761402445,0.0,0.0,308.0,0.2436812280432455,5.0
46,mild_attack,straddle_nosafe-final,0.9273721703772024,0.6923984698554894,0.0,0.0,0.0,0.234973700521713,5.0
46,mild_attack,straddle_entropy,0.8928558148497517,0.6487452584103384,0.0,0.0,352.0,0.2441105564394133,5.0
46,mild_attack,straddle_entropy-final,0.924899255079156,0.6847796931910592,0.0,0.0,0.0,0.2401195618880967,5.0
46,mild_attack,nscsd,0.9203145040064712,0.6601716189490088,0.0,0.0,0.0,0.2601428850574625,410.0
46,mild_attack,nscsd-final,0.9206123445991586,0.66110528963186,0.0,0.0,0.0,0.2595070549672986,470.0
46,mild_attack,nscsd-tree,0.9205997803142184,0.6613599951343584,0.0,0.0,0.0,0.2592397851798601,0.0
46,mild_attack,ppo,0.9821623702044958,0.9266210906550184,0.0,0.0,0.0,0.0555412795494775,493.0
46,mild_attack,ppo-final,0.9726401382126806,0.8873512802587367,0.0,0.0,0.0,0.0852888579539439,493.0
46,strong_attack,Sentinel,0.5258114497858287,0.7733429194662756,0.0,500.0,500.0,-0.4975314696804469,5.0
46,strong_attack,Sentinel-final,0.4770423724292159,1.0,495.0,500.0,500.0,-1.2679576275707842,5.0
46,strong_attack,PPO-NoShield (Sentinel),0.5255736923889515,0.7714976549075278,0.0,500.0,500.0,-0.4959239625185763,0.0
46,strong_attack,ShieldOnly,0.4912405423495699,0.8412245810150362,209.0,500.0,500.0,-0.8089840386654663,189.0
46,strong_attack,Static,0.5328367766537451,0.8260990965569391,0.0,500.0,500.0,-0.5432623199031941,0.0
46,strong_attack,Adaptive,0.5513499389307659,0.9656237366129898,0.0,500.0,500.0,-0.6642737976822239,0.0
46,strong_attack,Random,0.481377044442853,0.9174515768215616,271.99999999999994,500.0,500.0,-0.9580745323787084,0.0
46,strong_attack,straddle,0.508769493591646,0.6455877466592158,25.0,500.0,500.0,-0.4118182530675698,5.0
46,strong_attack,straddle-final,0.5107661160803243,0.6605306205293523,11.0,500.0,500.0,-0.410764504449028,5.0
46,strong_attack,straddle_cgrpo,0.5041631861729563,0.6111344974326269,134.0,500.0,500.0,-0.4909713112596706,5.0
46,strong_attack,straddle_cgrpo-final,0.5062537259201331,0.6267663260288391,69.99999999999999,500.0,500.0,-0.440512600108706,5.0
46,strong_attack,straddle_nosafe,0.504915471215109,0.616742098462665,99.0,500.0,500.0,-0.4608266272475559,5.0
46,strong_attack,straddle_nosafe-final,0.5127483983634176,0.6753557043535434,4.0,500.0,500.0,-0.4166073059901258,5.0
46,strong_attack,straddle_entropy,0.505101306420743,0.6181301490736963,95.0,500.0,500.0,-0.4580288426529533,5.0
46,strong_attack,straddle_entropy-final,0.5100146578046603,0.6548844945342797,14.000000000000002,500.0,500.0,-0.4088698367296194,5.0
46,strong_attack,nscsd,0.4909136414551749,0.5151287416917402,479.0,500.0,500.0,-0.7532151002365652,498.0
46,strong_attack,nscsd-final,0.4911944504595259,0.5162671284486195,477.0,500.0,500.0,-0.7520726779890936,480.0
46,strong_attack,nscsd-tree,0.4913910292766543,0.5180113117457216,475.0,500.0,500.0,-0.7516202824690672,0.0
46,strong_attack,ppo,0.5242821477933075,0.7741629456747703,9.0,500.0,500.0,-0.5088807978814628,491.0
46,strong_attack,ppo-final,0.5111779803455303,0.6805085433021467,16.0,500.0,500.0,-0.4353305629566164,491.0
46,chaos_flash_crowd,Sentinel,0.5702119424278005,0.780410789930794,28.000000000000004,500.0,500.0,-0.4881988475029936,5.0
46,chaos_flash_crowd,Sentinel-final,0.5196664718161085,1.0,28.000000000000004,500.0,500.0,-0.7583335281838915,5.0
46,chaos_flash_crowd,PPO-NoShield (Sentinel),0.5699617267200521,0.7786023043015493,28.000000000000004,500.0,500.0,-0.4866405775814972,0.0
46,chaos_flash_crowd,ShieldOnly,0.5370513689722021,0.8653272232518073,119.0,500.0,500.0,-0.6972758542796053,173.0
46,chaos_flash_crowd,Static,0.5805234093343258,0.8382682781404821,28.000000000000004,500.0,500.0,-0.5357448688061563,0.0
46,chaos_flash_crowd,Adaptive,0.5999697999908228,0.9685007632548,28.000000000000004,500.0,500.0,-0.6465309632639773,0.0
46,chaos_flash_crowd,Random,0.5195935441107642,0.9147569405339204,168.0,500.0,500.0,-0.8131633964231563,0.0
46,chaos_flash_crowd,straddle,0.5518780517095606,0.6571400457916894,28.000000000000004,500.0,500.0,-0.3832619940821288,5.0
46,chaos_flash_crowd,straddle-final,0.554423503850533,0.6725921376387803,28.000000000000004,500.0,500.0,-0.3961686337882474,5.0
46,chaos_flash_crowd,straddle_cgrpo,0.5464369392237581,0.6229659176417248,28.000000000000004,500.0,500.0,-0.3545289784179667,5.0
46,chaos_flash_crowd,straddle_cgrpo-final,0.5487349851335503,0.6382510679701385,28.000000000000004,500.0,500.0,-0.3675160828365882,5.0
46,chaos_flash_crowd,straddle_nosafe,0.5470069012984154,0.6273956155229419,28.000000000000004,500.0,500.0,-0.3583887142245264,5.0
46,chaos_flash_crowd,straddle_nosafe-final,0.5556564748445068,0.6847470233884099,28.000000000000004,500.0,500.0,-0.4070905485439031,5.0
46,chaos_flash_crowd,straddle_entropy,0.5472598440888319,0.6290415518904545,28.000000000000004,500.0,500.0,-0.3597817078016226,5.0
46,chaos_flash_crowd,straddle_entropy-final,0.5526232459796648,0.6645931192941413,28.000000000000004,500.0,500.0,-0.3899698733144765,5.0
46,chaos_flash_crowd,nscsd,0.5309670523557646,0.5241461257693624,28.000000000000004,500.0,500.0,-0.2711790734135978,487.0
46,chaos_flash_crowd,nscsd-final,0.5313151212127971,0.5254286204306581,28.000000000000004,500.0,500.0,-0.272113499217861,467.0
46,chaos_flash_crowd,nscsd-tree,0.5314791521810671,0.5268299109047149,28.000000000000004,500.0,500.0,-0.2733507587236478,0.0
46,chaos_flash_crowd,ppo,0.5703714580294872,0.7813808217212663,28.000000000000004,500.0,500.0,-0.4890093636917791,497.0
46,chaos_flash_crowd,ppo-final,0.5564549380132722,0.6896865055177743,30.000000000000007,500.0,500.0,-0.4132315675045022,497.0
46,zero_shot_icmp,Sentinel,0.5252576511730802,0.7706133844798211,0.0,500.0,500.0,-0.4953557333067409,500.0
46,zero_shot_icmp,Sentinel-final,0.5253963856750988,0.7728863114702874,0.0,500.0,500.0,-0.4974899257951886,500.0
46,zero_shot_icmp,PPO-NoShield (Sentinel),0.525366981750903,0.7713688078772444,0.0,500.0,500.0,-0.4960018261263413,0.0
46,zero_shot_icmp,ShieldOnly,0.4993968228387859,0.6975004836971685,167.99999999999997,500.0,500.0,-0.6161036608583825,458.0
46,zero_shot_icmp,Static,0.5326236654958079,0.8259417984886765,0.0,500.0,500.0,-0.5433181329928687,0.0
46,zero_shot_icmp,Adaptive,0.5511196945788033,0.9655908865089404,0.0,500.0,500.0,-0.664471191930137,0.0
46,zero_shot_icmp,Random,0.4776840841940888,0.9329784784282786,273.0,500.0,500.0,-0.9782943942341896,0.0
46,zero_shot_icmp,straddle,0.5226906368708175,0.7513586719024097,0.0,500.0,500.0,-0.4786680350315921,500.0
46,zero_shot_icmp,straddle-final,0.5207649537048923,0.7369087392344527,0.0,500.0,500.0,-0.4661437855295604,500.0
46,zero_shot_icmp,straddle_cgrpo,0.5259179713379469,0.7755799535209473,0.0,500.0,500.0,-0.4996619821830004,500.0
46,zero_shot_icmp,straddle_cgrpo-final,0.5254105532712449,0.7717726989371316,0.0,500.0,500.0,-0.4963621456658867,500.0
46,zero_shot_icmp,straddle_nosafe,0.5241030802609882,0.7619373449093976,0.0,500.0,500.0,-0.4878342646484094,500.0
46,zero_shot_icmp,straddle_nosafe-final,0.5219623057309225,0.7458670635199505,0.0,500.0,500.0,-0.4739047577890279,500.0
46,zero_shot_icmp,straddle_entropy,0.5258681599447849,0.7751848432088189,0.0,500.0,500.0,-0.499316683264034,500.0
46,zero_shot_icmp,straddle_entropy-final,0.5227000407635216,0.7514028120892419,0.0,500.0,500.0,-0.4787027713257202,500.0
46,zero_shot_icmp,nscsd,0.4958046716815366,0.5515868017929592,399.0,500.0,500.0,-0.7047821301114225,460.0
46,zero_shot_icmp,nscsd-final,0.4957420891749344,0.5507373673527614,404.0,500.0,500.0,-0.7089952781778269,10.0
46,zero_shot_icmp,nscsd-tree,0.4910302310525793,0.5178936342955478,476.0,500.0,500.0,-0.7528634032429684,0.0
46,zero_shot_icmp,ppo,0.5225022587958738,0.7510726048673626,0.0,500.0,500.0,-0.4785703460714888,500.0
46,zero_shot_icmp,ppo-final,0.5099644519040766,0.6571869447187109,22.000000000000004,500.0,500.0,-0.4192224928146343,500.0
47,benign,Sentinel,1.0,0.0,0.0,0.0,0.0,1.0,500.0
47,benign,Sentinel-final,1.0,0.0,0.0,0.0,0.0,1.0,500.0
47,benign,PPO-NoShield (Sentinel),1.0,0.0,0.0,0.0,0.0,1.0,0.0
47,benign,ShieldOnly,1.0,0.0,0.0,0.0,0.0,1.0,468.0
47,benign,Static,1.0,0.0,0.0,0.0,0.0,1.0,0.0
47,benign,Adaptive,1.0,0.0,0.0,0.0,0.0,1.0,0.0
47,benign,Random,0.981233324573763,0.0,0.0,0.0,25.0,0.981233324573763,0.0
47,benign,straddle,1.0,0.0,0.0,0.0,0.0,1.0,500.0
47,benign,straddle-final,1.0,0.0,0.0,0.0,0.0,1.0,500.0
47,benign,straddle_cgrpo,1.0,0.0,0.0,0.0,0.0,1.0,500.0
47,benign,straddle_cgrpo-final,1.0,0.0,0.0,0.0,0.0,1.0,500.0
47,benign,straddle_nosafe,1.0,0.0,0.0,0.0,0.0,1.0,500.0
47,benign,straddle_nosafe-final,1.0,0.0,0.0,0.0,0.0,1.0,500.0
47,benign,straddle_entropy,1.0,0.0,0.0,0.0,0.0,1.0,500.0
47,benign,straddle_entropy-final,1.0,0.0,0.0,0.0,0.0,1.0,500.0
47,benign,nscsd,1.0,0.0,0.0,0.0,0.0,1.0,500.0
47,benign,nscsd-final,1.0,0.0,0.0,0.0,0.0,1.0,500.0
47,benign,nscsd-tree,1.0,0.0,0.0,0.0,0.0,1.0,0.0
47,benign,ppo,1.0,0.0,0.0,0.0,0.0,1.0,500.0
47,benign,ppo-final,1.0,0.0,0.0,0.0,0.0,1.0,500.0
47,mild_attack,Sentinel,0.978344593269355,0.8929494242458083,0.0,0.0,0.0,0.0853951690235467,5.0
47,mild_attack,Sentinel-final,0.9407004309991556,1.0,0.0,0.0,0.0,-0.0592995690008443,5.0
47,mild_attack,PPO-NoShield (Sentinel),0.9781682467759008,0.8920750913430362,0.0,0.0,0.0,0.0860931554328646,0.0
47,mild_attack,ShieldOnly,0.9278148649107444,0.923911696581864,1.0,41.0,133.0,-0.0175968316711196,172.0
47,mild_attack,Static,0.999998014925137,0.9999901843620344,0.0,0.0,0.0,7.830563102495525e-06,0.0
47,mild_attack,Adaptive,0.9998163715955176,0.9990932575175986,0.0,0.0,0.0,0.000723114077919,0.0
47,mild_attack,Random,0.9112009720594244,0.9677062413737064,4.0,52.00000000000001,166.99999999999997,-0.086505269314282,0.0
47,mild_attack,straddle,0.9560634173709166,0.7827494729935418,0.0,0.0,0.0,0.1733139443773748,5.0
47,mild_attack,straddle-final,0.9524248188187664,0.7647499427333002,0.0,0.0,0.0,0.187674876085466,5.0
47,mild_attack,straddle_cgrpo,0.9489916632374064,0.7480671318516696,0.0,0.0,0.0,0.2009245313857368,5.0
47,mild_attack,straddle_cgrpo-final,0.9354024698104024,0.6807282080863917,0.0,0.0,0.0,0.2546742617240106,5.0
47,mild_attack,straddle_nosafe,0.9502248739634876,0.7538565526933898,0.0,0.0,0.0,0.1963683212700977,5.0
47,mild_attack,straddle_nosafe-final,0.9313046820404411,0.660685977682753,0.0,0.0,0.0,0.2706187043576883,5.0
47,mild_attack,straddle_entropy,0.9452753683334296,0.7294377136362026,0.0,0.0,0.0,0.2158376546972271,5.0
47,mild_attack,straddle_entropy-final,0.937563856521334,0.6913106390488493,0.0,0.0,0.0,0.2462532174724847,5.0
47,mild_attack,nscsd,0.9259919318997216,0.6526194486694668,0.0,0.0,9.999999999999998,0.2733724832302548,5.0
47,mild_attack,nscsd-final,0.9259919318997216,0.6526194486694668,0.0,0.0,9.999999999999998,0.2733724832302548,5.0
47,mild_attack,nscsd-tree,0.933982193818154,0.6749712340424554,0.0,0.0,0.0,0.2590109597756986,0.0
47,mild_attack,ppo,0.9823883537717196,0.912942861592782,0.0,0.0,0.0,0.0694454921789375,5.0
47,mild_attack,ppo-final,0.9755498700063764,0.8819075205251019,0.0,0.0,0.0,0.0936423494812743,497.0
47,strong_attack,Sentinel,0.5290929568550198,0.7642451848806692,0.0,500.0,500.0,-0.4851522280256494,5.0
47,strong_attack,Sentinel-final,0.4802572249213888,1.0,495.0,500.0,500.0,-1.264742775078611,5.0
47,strong_attack,PPO-NoShield (Sentinel),0.528879736700573,0.7623292646602097,0.0,500.0,500.0,-0.4834495279596367,0.0
47,strong_attack,ShieldOnly,0.5001398695557919,0.836590703792614,190.0,500.0,500.0,-0.7764508342368222,180.0
47,strong_attack,Static,0.5348688422254152,0.8155931998983401,0.0,500.0,500.0,-0.5307243576729249,0.0
47,strong_attack,Adaptive,0.5515193116383741,0.9636342239163694,0.0,500.0,500.0,-0.6621149122779953,0.0
47,strong_attack,Random,0.4737917602299483,0.922559738802961,275.0,500.0,500.0,-0.9737679785730128,0.0
47,strong_attack,straddle,0.5267258911119159,0.7431817614919008,0.0,500.0,500.0,-0.4664558703799849,5.0
47,strong_attack,straddle-final,0.5175636529402203,0.6616552571591463,1.0,500.0,500.0,-0.395091604218926,5.0
47,strong_attack,straddle_cgrpo,0.5109724185978103,0.6030222706716535,13.000000000000002,500.0,500.0,-0.3550498520738432,5.0
47,strong_attack,straddle_cgrpo-final,0.5091497761828789,0.5868652004693381,24.000000000000004,500.0,500.0,-0.3517154242864592,5.0
47,strong_attack,straddle_nosafe,0.5080053569995496,0.5765603466394967,36.00000000000001,500.0,500.0,-0.3545549896399471,5.0
47,strong_attack,straddle_nosafe-final,0.4982032044773635,0.4914544728797046,325.99999999999994,500.0,500.0,-0.5692512684023411,5.0
47,strong_attack,straddle_entropy,0.5072453668316627,0.5698029018389472,45.0,500.0,500.0,-0.3575575350072845,5.0
47,strong_attack,straddle_entropy-final,0.4998063501948255,0.5043385573841477,270.0,500.0,500.0,-0.5245322071893221,5.0
47,strong_attack,nscsd,0.501366660105778,0.5208672862145337,192.0,500.0,500.0,-0.4615006261087556,5.0
47,strong_attack,nscsd-final,0.501366660105778,0.5208672862145337,192.0,500.0,500.0,-0.4615006261087556,5.0
47,strong_attack,nscsd-tree,0.5020294249577002,0.5249527068777097,177.0,500.0,500.0,-0.4499232819200094,0.0
47,strong_attack,ppo,0.5286336472068225,0.7601578322366375,0.0,500.0,500.0,-0.481524185029815,5.0
47,strong_attack,ppo-final,0.518642012846112,0.6746187132432752,1.0,500.0,500.0,-0.4069767003971631,499.0
47,chaos_flash_crowd,Sentinel,0.8562666355397008,0.8200108354329876,16.999999999999996,31.0,453.0,0.0037558001067132,5.0
47,chaos_flash_crowd,Sentinel-final,0.7980902476555076,1.0,26.000000000000004,31.0,496.0,-0.2434097523444923,5.0
47,chaos_flash_crowd,PPO-NoShield (Sentinel),0.8560162450442551,0.818500109047781,16.999999999999996,31.0,455.0,0.005016135996474,0.0
47,chaos_flash_crowd,ShieldOnly,0.8104186920440559,0.8640492978211057,25.0,113.0,409.0,-0.1351306057770498,202.0
47,chaos_flash_crowd,Static,0.873738730906819,0.9048332678344484,14.000000000000002,31.0,310.0,-0.0605945369276295,0.0
47,chaos_flash_crowd,Adaptive,0.8880900290871379,0.9841066408734728,9.0,31.0,151.0,-0.120516611786335,0.0
47,chaos_flash_crowd,Random,0.7823193543726251,0.9295551791023622,30.000000000000007,145.00000000000003,440.00000000000006,-0.249735824729737,0.0
47,chaos_flash_crowd,straddle,0.8606266776002254,0.8368006119055105,15.000000000000004,31.0,431.00000000000006,-0.006673934305285,5.0
47,chaos_flash_crowd,straddle-final,0.8452373669800114,0.7554000042222471,19.0,31.0,486.0,0.0553373627577643,5.0
47,chaos_flash_crowd,straddle_cgrpo,0.8269210233188001,0.662497029106326,25.0,31.0,496.0,0.1239239942124741,5.0
47,chaos_flash_crowd,straddle_cgrpo-final,0.8241139810096347,0.6471640479908696,25.0,31.0,496.0,0.1364499330187651,5.0
47,chaos_flash_crowd,straddle_nosafe,0.8238643171841303,0.6444161124203995,25.0,31.0,496.0,0.1389482047637308,5.0
47,chaos_flash_crowd,straddle_nosafe-final,0.8079113398052676,0.5593721468224713,27.000000000000004,31.0,496.0,0.2060391929827963,5.0
47,chaos_flash_crowd,straddle_entropy,0.822102092994297,0.6353044797351218,25.0,31.0,496.0,0.1462976132591752,5.0
47,chaos_flash_crowd,straddle_entropy-final,0.8106295887342825,0.572908187122636,27.000000000000004,31.0,496.0,0.1952214016116464,5.0
47,chaos_flash_crowd,nscsd,0.8128958288161332,0.5875875044059077,27.000000000000004,31.0,496.0,0.1828083244102255,5.0
47,chaos_flash_crowd,nscsd-final,0.8128958288161332,0.5875875044059077,27.000000000000004,31.0,496.0,0.1828083244102255,5.0
47,chaos_flash_crowd,nscsd-tree,0.813396518668462,0.5892518437681977,27.000000000000004,31.0,496.0,0.1816446749002642,0.0
47,chaos_flash_crowd,ppo,0.8584168630780473,0.8287595939061758,16.999999999999996,31.0,444.00000000000006,-0.0028427308281284,5.0
47,chaos_flash_crowd,ppo-final,0.8478848975207883,0.7736500767364399,16.999999999999996,31.0,478.0,0.0417348207843484,497.0
47,zero_shot_icmp,Sentinel,0.5285286036827288,0.7612367400502444,0.0,500.0,500.0,-0.4827081363675156,500.0
47,zero_shot_icmp,Sentinel-final,0.5284687043398344,0.7621182068688234,0.0,500.0,500.0,-0.483649502528989,500.0
47,zero_shot_icmp,PPO-NoShield (Sentinel),0.5284091215867606,0.7601848690028147,0.0,500.0,500.0,-0.4817757474160541,0.0
47,zero_shot_icmp,ShieldOnly,0.5062582185524201,0.6819979151093106,114.0,500.0,500.0,-0.5397396965568905,461.0
47,zero_shot_icmp,Static,0.5345534627707941,0.815109017385587,0.0,500.0,500.0,-0.530555554614793,0.0
47,zero_shot_icmp,Adaptive,0.5511365475692882,0.963479366548058,0.0,500.0,500.0,-0.6623428189787699,0.0
47,zero_shot_icmp,Random,0.4779895873937804,0.9162683074787344,273.0,500.0,500.0,-0.961278720084954,0.0
47,zero_shot_icmp,straddle,0.5285186342262133,0.7611519116293779,0.0,500.0,500.0,-0.4826332774031646,500.0
47,zero_shot_icmp,straddle-final,0.5253334196205859,0.7326894901176119,0.0,500.0,500.0,-0.457356070497026,500.0
47,zero_shot_icmp,straddle_cgrpo,0.5117040573640078,0.6109234395174938,6.0,500.0,500.0,-0.355219382153486,499.0
47,zero_shot_icmp,straddle_cgrpo-final,0.5107893004063329,0.6027556526770186,9.000000000000002,500.0,500.0,-0.3509663522706857,361.0
47,zero_shot_icmp,straddle_nosafe,0.5076844801654427,0.5750334422400799,37.99999999999999,500.0,500.0,-0.3553489620746372,484.0
47,zero_shot_icmp,straddle_nosafe-final,0.4987968600237044,0.4975179044517427,314.0,500.0,500.0,-0.5627210444280383,171.0
47,zero_shot_icmp,straddle_entropy,0.5088529226582147,0.585465819942882,20.0,500.0,500.0,-0.3466128972846674,479.0
47,zero_shot_icmp,straddle_entropy-final,0.5018647890659313,0.5235176757219852,200.0,500.0,500.0,-0.4716528866560538,5.0
47,zero_shot_icmp,nscsd,0.5284036740475526,0.7601221346981076,0.0,500.0,500.0,-0.481718460650555,500.0
47,zero_shot_icmp,nscsd-final,0.5284036740475526,0.7601221346981076,0.0,500.0,500.0,-0.481718460650555,500.0
47,zero_shot_icmp,nscsd-tree,0.5070409773311194,0.5692828439042572,48.0,500.0,500.0,-0.3602418665731378,0.0
47,zero_shot_icmp,ppo,0.5267804763827548,0.7456107396695794,0.0,500.0,500.0,-0.4688302632868245,500.0
47,zero_shot_icmp,ppo-final,0.5155961406994181,0.6470849394865557,0.0,500.0,500.0,-0.3814887987871376,500.0
48,benign,Sentinel,1.0,0.0,0.0,0.0,0.0,1.0,500.0
48,benign,Sentinel-final,1.0,0.0,0.0,0.0,0.0,1.0,500.0
48,benign,PPO-NoShield (Sentinel),1.0,0.0,0.0,0.0,0.0,1.0,0.0
48,benign,ShieldOnly,1.0,0.0,0.0,0.0,0.0,1.0,471.0
48,benign,Static,1.0,0.0,0.0,0.0,0.0,1.0,0.0
48,benign,Adaptive,1.0,0.0,0.0,0.0,0.0,1.0,0.0
48,benign,Random,0.9801802792318328,0.0,0.0,0.0,32.0,0.9801802792318328,0.0
48,benign,straddle,1.0,0.0,0.0,0.0,0.0,1.0,500.0
48,benign,straddle-final,1.0,0.0,0.0,0.0,0.0,1.0,500.0
48,benign,straddle_cgrpo,1.0,0.0,0.0,0.0,0.0,1.0,500.0
48,benign,straddle_cgrpo-final,1.0,0.0,0.0,0.0,0.0,1.0,500.0
48,benign,straddle_nosafe,1.0,0.0,0.0,0.0,0.0,1.0,500.0
48,benign,straddle_nosafe-final,1.0,0.0,0.0,0.0,0.0,1.0,500.0
48,benign,straddle_entropy,1.0,0.0,0.0,0.0,0.0,1.0,500.0
48,benign,straddle_entropy-final,1.0,0.0,0.0,0.0,0.0,1.0,500.0
48,benign,nscsd,1.0,0.0,0.0,0.0,0.0,1.0,500.0
48,benign,nscsd-final,1.0,0.0,0.0,0.0,0.0,1.0,500.0
48,benign,nscsd-tree,1.0,0.0,0.0,0.0,0.0,1.0,0.0
48,benign,ppo,1.0,0.0,0.0,0.0,0.0,1.0,500.0
48,benign,ppo-final,1.0,0.0,0.0,0.0,0.0,1.0,500.0
48,mild_attack,Sentinel,0.9521380532502,0.9497090321227282,0.0,0.0,0.0,0.0024290211274718,5.0
48,mild_attack,Sentinel-final,0.9543517684803948,0.9520349688860102,0.0,0.0,0.0,0.0023167995943845,5.0
48,mild_attack,PPO-NoShield (Sentinel),0.9517547033218388,0.949303133644342,0.0,0.0,0.0,0.0024515696774969,0.0
48,mild_attack,ShieldOnly,0.9207654812868792,0.9472670650533518,0.0,46.0,152.0,-0.0495015837664724,31.0
48,mild_attack,Static,0.9999975522903084,0.9999974266660434,0.0,0.0,0.0,1.256242651015427e-07,0.0
48,mild_attack,Adaptive,0.9995616452766544,0.9995395095215326,0.0,0.0,0.0,2.2135755121888145e-05,0.0
48,mild_attack,Random,0.9150976149073512,0.9434825467410942,0.0,56.00000000000001,145.00000000000003,-0.0563849318337431,0.0
48,mild_attack,straddle,0.9189562013497832,0.914850279900846,0.0,0.0,0.0,0.0041059214489372,5.0
48,mild_attack,straddle-final,0.9434466758397616,0.9405797124996426,0.0,0.0,0.0,0.0028669633401189,5.0
48,mild_attack,straddle_cgrpo,0.89934552750598,0.8942668769031762,0.0,0.0,351.0,0.0050786506028037,5.0
48,mild_attack,straddle_cgrpo-final,0.8925557240021357,0.8871450906059222,0.0,0.0,494.00000000000006,0.0054106333962135,5.0
48,mild_attack,straddle_nosafe,0.8946558875079088,0.8893203541435749,0.0,0.0,402.0,0.0053355333643339,5.0
48,mild_attack,straddle_nosafe-final,0.8861058814431291,0.8803386592947259,0.0,0.0,485.0,0.0057672221484031,5.0
48,mild_attack,straddle_entropy,0.9001676249853879,0.8951123055414476,0.0,0.0,271.99999999999994,0.0050553194439403,5.0
48,mild_attack,straddle_entropy-final,0.8695558029451977,0.8629915444280106,0.0,0.0,495.0,0.0065642585171871,5.0
48,mild_attack,nscsd,0.8507745872833337,0.8444718408415499,0.0,0.0,495.0,0.0063027464417837,5.0
48,mild_attack,nscsd-final,0.8540193545916196,0.8473635973259774,0.0,0.0,495.0,0.0066557572656421,5.0
48,mild_attack,nscsd-tree,0.850366793708648,0.8441846372023042,0.0,0.0,495.0,0.0061821565063437,0.0
48,mild_attack,ppo,0.9723982575062684,0.970996487121918,0.0,0.0,0.0,0.0014017703843504,5.0
48,mild_attack,ppo-final,0.954621630017869,0.952318510839411,0.0,0.0,0.0,0.002303119178458,5.0
48,strong_attack,Sentinel,0.4993410718394318,0.8942928637311809,287.00000000000006,500.0,500.0,-0.931951791891749,5.0
48,strong_attack,Sentinel-final,0.4942882893419938,0.8847643599131482,445.0,500.0,500.0,-1.0854760705711544,5.0
48,strong_attack,PPO-NoShield (Sentinel),0.4988918884701575,0.8934361166296911,290.0,500.0,500.0,-0.9345442281595336,0.0
48,strong_attack,ShieldOnly,0.4818249870738674,0.8915899002059475,281.0,500.0,500.0,-0.94076491313208,31.0
48,strong_attack,Static,0.5118853040203236,0.917940119383395,3.0,500.0,500.0,-0.6590548153630714,0.0
48,strong_attack,Adaptive,0.5467938865542005,0.983803092285631,5.0,500.0,500.0,-0.6920092057314305,0.0
48,strong_attack,Random,0.480204642094717,0.8935890392024671,303.0,500.0,500.0,-0.96638439710775,0.0
48,strong_attack,straddle,0.5286481469710685,0.9495670487540072,0.0,500.0,500.0,-0.6709189017829386,5.0
48,strong_attack,straddle-final,0.5209480192236864,0.9350427837781426,0.0,500.0,500.0,-0.6640947645544563,5.0
48,strong_attack,straddle_cgrpo,0.4943300740361841,0.8848443247701285,443.0,500.0,500.0,-1.0835142507339444,5.0
48,strong_attack,straddle_cgrpo-final,0.4901797578278047,0.8770187482864757,489.0,500.0,500.0,-1.125838990458671,5.0
48,strong_attack,straddle_nosafe,0.5155633225418577,0.9248820130055468,1.0,500.0,500.0,-0.6603186904636891,5.0
48,strong_attack,straddle_nosafe-final,0.5063499475913773,0.9075058004563432,78.0,500.0,500.0,-0.729155852864966,5.0
48,strong_attack,straddle_entropy,0.5171457238616636,0.927871233069402,0.0,500.0,500.0,-0.6607255092077384,5.0
48,strong_attack,straddle_entropy-final,0.5034141462017396,0.9019732359507812,162.0,500.0,500.0,-0.8105590897490417,5.0
48,strong_attack,nscsd,0.4430106814118792,0.7881221538036555,495.0,500.0,500.0,-1.0901114723917762,5.0
48,strong_attack,nscsd-final,0.4435683367232719,0.7891670858838296,495.0,500.0,500.0,-1.0905987491605575,5.0
48,strong_attack,nscsd-tree,0.4424185751655728,0.7870140020861446,495.0,500.0,500.0,-1.089595426920572,0.0
48,strong_attack,ppo,0.4986231198543008,0.8929374232462328,309.00000000000006,500.0,500.0,-0.953314303391932,5.0
48,strong_attack,ppo-final,0.4935444865945618,0.8833617104217446,462.0,500.0,500.0,-1.1018172238271828,5.0
48,chaos_flash_crowd,Sentinel,0.820660493472402,0.9182205716868674,17.0,19.0,500.0,-0.1240600782144654,5.0
48,chaos_flash_crowd,Sentinel-final,0.8178297705658008,0.914577713799954,17.0,19.0,500.0,-0.1232479432341533,5.0
48,chaos_flash_crowd,PPO-NoShield (Sentinel),0.8201152852841803,0.9175326926228168,17.0,19.0,500.0,-0.1239174073386363,0.0
48,chaos_flash_crowd,ShieldOnly,0.7899076930637292,0.9128197801512185,15.000000000000004,139.0,469.0,-0.2074120870874891,30.0
48,chaos_flash_crowd,Static,0.8560447759366054,0.9577503388784764,12.0,19.0,489.0,-0.123205562941871,0.0
48,chaos_flash_crowd,Adaptive,0.8862712989230754,0.9931801273192274,3.0,19.0,242.0,-0.119408828396152,0.0
48,chaos_flash_crowd,Random,0.8001228610523224,0.9203515547985568,17.0,111.0,462.0,-0.1927286937462344,0.0
48,chaos_flash_crowd,straddle,0.8596165980145832,0.9626780456586616,11.0,19.0,476.0,-0.1235614476440783,5.0
48,chaos_flash_crowd,straddle-final,0.8561399039223799,0.958520951736564,12.0,19.0,491.0,-0.1238810478141839,5.0
48,chaos_flash_crowd,straddle_cgrpo,0.8077147122359705,0.9036639456237026,17.0,19.0,500.0,-0.122449233387732,5.0
48,chaos_flash_crowd,straddle_cgrpo-final,0.8017790017968723,0.8967533308032808,17.0,19.0,500.0,-0.1214743290064084,5.0
48,chaos_flash_crowd,straddle_nosafe,0.8405470752755948,0.941194355087692,15.0,19.0,499.0,-0.1251472798120972,5.0
48,chaos_flash_crowd,straddle_nosafe-final,0.8262929544708589,0.9247752733359114,17.0,19.0,500.0,-0.1249823188650524,5.0
48,chaos_flash_crowd,straddle_entropy,0.8436469183779487,0.9448650281475504,14.000000000000002,19.0,499.0,-0.1247181097696016,5.0
48,chaos_flash_crowd,straddle_entropy-final,0.8204640537190933,0.918103451014618,17.0,19.0,500.0,-0.1241393972955247,5.0
48,chaos_flash_crowd,nscsd,0.7346596919386503,0.8183733544287207,18.000000000000004,293.0,500.0,-0.2482136624900703,5.0
48,chaos_flash_crowd,nscsd-final,0.7358787630434366,0.8197620500571021,18.000000000000004,276.0,500.0,-0.2398832870136655,5.0
48,chaos_flash_crowd,nscsd-tree,0.7337175075036801,0.8172994572597692,18.000000000000004,306.0,500.0,-0.254581949756089,0.0
48,chaos_flash_crowd,ppo,0.8315477216026086,0.9299271945254702,14.000000000000002,19.0,500.0,-0.1218794729228616,5.0
48,chaos_flash_crowd,ppo-final,0.8180258709885688,0.914713946321656,17.0,19.0,500.0,-0.1231880753330873,5.0
48,zero_shot_icmp,Sentinel,0.5284651449916029,0.7606216980305042,0.0,500.0,500.0,-0.4821565530389012,500.0
48,zero_shot_icmp,Sentinel-final,0.525299241478808,0.7325896917964247,0.0,500.0,500.0,-0.4572904503176167,500.0
48,zero_shot_icmp,PPO-NoShield (Sentinel),0.528332899490656,0.759395046679016,0.0,500.0,500.0,-0.48106214718836,0.0
48,zero_shot_icmp,ShieldOnly,0.5026941464111174,0.6786761628364633,140.0,500.0,500.0,-0.5659820164253458,451.0
48,zero_shot_icmp,Static,0.5346918982418613,0.8157278341094883,0.0,500.0,500.0,-0.5310359358676271,0.0
48,zero_shot_icmp,Adaptive,0.551373220431417,0.9636122980732088,0.0,500.0,500.0,-0.6622390776417919,0.0
48,zero_shot_icmp,Random,0.4784316463620152,0.9170509552442436,249.00000000000003,500.0,500.0,-0.9376193088822284,0.0
48,zero_shot_icmp,straddle,0.5220064358855975,0.7034389736383329,0.0,500.0,500.0,-0.4314325377527354,500.0
48,zero_shot_icmp,straddle-final,0.5205932753504033,0.690933690090855,0.0,500.0,500.0,-0.4203404147404517,500.0
48,zero_shot_icmp,straddle_cgrpo,0.5269351475251314,0.7470746058387981,0.0,500.0,500.0,-0.4701394583136667,500.0
48,zero_shot_icmp,straddle_cgrpo-final,0.5246995535168724,0.7272830904749398,0.0,500.0,500.0,-0.4525835369580674,496.0
48,zero_shot_icmp,straddle_nosafe,0.5285362250933081,0.7612330353072745,0.0,500.0,500.0,-0.4826968102139664,500.0
48,zero_shot_icmp,straddle_nosafe-final,0.5261066132883168,0.7397202884395067,0.0,500.0,500.0,-0.4636136751511899,500.0
48,zero_shot_icmp,straddle_entropy,0.5285841500240696,0.7616788208806398,0.0,500.0,500.0,-0.4830946708565702,500.0
48,zero_shot_icmp,straddle_entropy-final,0.5236551419992875,0.7180400436406522,0.0,500.0,500.0,-0.4443849016413647,500.0
48,zero_shot_icmp,nscsd,0.5019201583757275,0.525741624714997,190.0,500.0,500.0,-0.4638214663392695,415.0
48,zero_shot_icmp,nscsd-final,0.5022504470138986,0.5286039695104046,178.00000000000003,500.0,500.0,-0.4543535224965059,260.0
48,zero_shot_icmp,nscsd-tree,0.5020532712710376,0.5268340047516232,189.0,500.0,500.0,-0.4637807334805856,0.0
48,zero_shot_icmp,ppo,0.5245611908480442,0.7273710498837969,0.0,500.0,500.0,-0.4528098590357526,500.0
48,zero_shot_icmp,ppo-final,0.5243971265812524,0.7260082154887579,0.0,500.0,500.0,-0.4516110889075055,500.0
49,benign,Sentinel,1.0,0.0,0.0,0.0,0.0,1.0,500.0
49,benign,Sentinel-final,1.0,0.0,0.0,0.0,0.0,1.0,500.0
49,benign,PPO-NoShield (Sentinel),1.0,0.0,0.0,0.0,0.0,1.0,0.0
49,benign,ShieldOnly,1.0,0.0,0.0,0.0,0.0,1.0,466.0
49,benign,Static,1.0,0.0,0.0,0.0,0.0,1.0,0.0
49,benign,Adaptive,0.9999839459921904,0.0,0.0,0.0,0.0,0.9999839459921904,0.0
49,benign,Random,0.97978028036725,0.0,0.0,0.0,27.000000000000004,0.97978028036725,0.0
49,benign,straddle,1.0,0.0,0.0,0.0,0.0,1.0,500.0
49,benign,straddle-final,1.0,0.0,0.0,0.0,0.0,1.0,500.0
49,benign,straddle_cgrpo,1.0,0.0,0.0,0.0,0.0,1.0,500.0
49,benign,straddle_cgrpo-final,1.0,0.0,0.0,0.0,0.0,1.0,500.0
49,benign,straddle_nosafe,1.0,0.0,0.0,0.0,0.0,1.0,500.0
49,benign,straddle_nosafe-final,1.0,0.0,0.0,0.0,0.0,1.0,500.0
49,benign,straddle_entropy,1.0,0.0,0.0,0.0,0.0,1.0,500.0
49,benign,straddle_entropy-final,1.0,0.0,0.0,0.0,0.0,1.0,500.0
49,benign,nscsd,1.0,0.0,0.0,0.0,0.0,1.0,500.0
49,benign,nscsd-final,1.0,0.0,0.0,0.0,0.0,1.0,500.0
49,benign,nscsd-tree,1.0,0.0,0.0,0.0,0.0,1.0,0.0
49,benign,ppo,1.0,0.0,0.0,0.0,0.0,1.0,500.0
49,benign,ppo-final,1.0,0.0,0.0,0.0,0.0,1.0,500.0
49,mild_attack,Sentinel,0.9795505081738792,0.905181434489892,0.0,0.0,0.0,0.0743690736839871,5.0
49,mild_attack,Sentinel-final,0.9430317123847408,1.0,0.0,0.0,0.0,-0.0569682876152592,5.0
49,mild_attack,PPO-NoShield (Sentinel),0.9793872493862872,0.9044337872337852,0.0,0.0,0.0,0.074953462152502,0.0
49,mild_attack,ShieldOnly,0.920800698884241,0.9326235346082984,1.0,43.0,141.0,-0.0343228357240575,32.0
49,mild_attack,Static,0.999997911527273,0.9999903359000823,0.0,0.0,0.0,7.575627190670175e-06,0.0
49,mild_attack,Adaptive,0.9997920656185492,0.999036700603018,0.0,0.0,0.0,0.0007553650155313,0.0
49,mild_attack,Random,0.921414484636896,0.9345415170145216,4.0,48.00000000000001,131.0,-0.0411270323776254,0.0
49,mild_attack,straddle,0.9597317581306978,0.8129527800032195,0.0,0.0,0.0,0.1467789781274783,5.0
49,mild_attack,straddle-final,0.9671897596884674,0.8476907640204999,0.0,0.0,0.0,0.1194989956679675,5.0
49,mild_attack,straddle_cgrpo,0.9563451900082958,0.7971778981205482,0.0,0.0,0.0,0.1591672918877476,5.0
49,mild_attack,straddle_cgrpo-final,0.9563451900082958,0.7971778981205482,0.0,0.0,0.0,0.1591672918877476,5.0
49,mild_attack,straddle_nosafe,0.9513240004236692,0.7737513051848641,0.0,0.0,0.0,0.1775726952388051,5.0
49,mild_attack,straddle_nosafe-final,0.9513240004236692,0.7737513051848641,0.0,0.0,0.0,0.1775726952388051,5.0
49,mild_attack,straddle_entropy,0.9501465977854308,0.7682842782382642,0.0,0.0,0.0,0.1818623195471667,5.0
49,mild_attack,straddle_entropy-final,0.9501465977854308,0.7682842782382642,0.0,0.0,0.0,0.1818623195471667,5.0
49,mild_attack,nscsd,0.9372117703836466,0.707798225301428,0.0,0.0,0.0,0.2294135450822185,5.0
49,mild_attack,nscsd-final,0.93469124728979,0.6960014432398138,0.0,0.0,0.0,0.2386898040499762,5.0
49,mild_attack,nscsd-tree,0.9338178275057264,0.6920841326845434,0.0,0.0,0.0,0.2417336948211829,0.0
49,mild_attack,ppo,0.9808347661819052,0.9111465590353618,0.0,0.0,0.0,0.0696882071465434,5.0
49,mild_attack,ppo-final,0.9757400570893964,0.94238907300845,0.0,0.0,0.0,0.0333509840809462,5.0
49,strong_attack,Sentinel,0.5293972012532435,0.7744444037484062,0.0,500.0,500.0,-0.4950472024951626,5.0
49,strong_attack,Sentinel-final,0.4861787546855629,1.0,493.00000000000006,500.0,500.0,-1.2568212453144372,5.0
49,strong_attack,PPO-NoShield (Sentinel),0.5292314362174931,0.7724398766466933,0.0,500.0,500.0,-0.4932084404292002,0.0
49,strong_attack,ShieldOnly,0.4885104338907267,0.8609810068843989,222.0,500.0,500.0,-0.8444705729936722,22.0
49,strong_attack,Static,0.5343991531837016,0.8173106320359527,0.0,500.0,500.0,-0.5329114788522511,0.0
49,strong_attack,Adaptive,0.5513522632651643,0.9639958252017716,0.0,500.0,500.0,-0.6626435619366072,0.0
49,strong_attack,Random,0.4890126866002642,0.8581183518811615,227.0,500.0,500.0,-0.8461056652808973,0.0
49,strong_attack,straddle,0.5353024420098481,0.8250626991928038,0.0,500.0,500.0,-0.5397602571829557,5.0
49,strong_attack,straddle-final,0.5327794964478689,0.8031595666861312,0.0,500.0,500.0,-0.5203800702382623,5.0
49,strong_attack,straddle_cgrpo,0.5303243075462459,0.8895370543313588,0.0,500.0,500.0,-0.6092127467851128,5.0
49,strong_attack,straddle_cgrpo-final,0.5303243075462459,0.8895370543313588,0.0,500.0,500.0,-0.6092127467851128,5.0
49,strong_attack,straddle_nosafe,0.521139489389672,0.8491278571020999,0.0,500.0,500.0,-0.5779883677124279,5.0
49,strong_attack,straddle_nosafe-final,0.521139489389672,0.8491278571020999,0.0,500.0,500.0,-0.5779883677124279,5.0
49,strong_attack,straddle_entropy,0.5236378738127658,0.8600902942222172,0.0,500.0,500.0,-0.5864524204094513,5.0
49,strong_attack,straddle_entropy-final,0.5236378738127658,0.8600902942222172,0.0,500.0,500.0,-0.5864524204094513,5.0
49,strong_attack,nscsd,0.515761769312056,0.6549163542715533,2.0,500.0,500.0,-0.3911545849594973,5.0
49,strong_attack,nscsd-final,0.5114744297744599,0.6174233184951033,8.0,500.0,500.0,-0.3639488887206434,5.0
49,strong_attack,nscsd-tree,0.5159595854267446,0.6566445347844669,2.0,500.0,500.0,-0.3926849493577223,0.0
49,strong_attack,ppo,0.528681540771441,0.7804844205709782,0.0,500.0,500.0,-0.5018028797995372,5.0
49,strong_attack,ppo-final,0.5102657338756671,0.8016152669923093,16.0,500.0,500.0,-0.5573495331166423,5.0
49,chaos_flash_crowd,Sentinel,0.5776638015479689,0.782758206516682,25.0,500.0,500.0,-0.4800944049687131,5.0
49,chaos_flash_crowd,Sentinel-final,0.5334196473056222,1.0,25.0,500.0,500.0,-0.7415803526943778,5.0
49,chaos_flash_crowd,PPO-NoShield (Sentinel),0.5774206161100385,0.7810852863010407,25.0,500.0,500.0,-0.4786646701910022,0.0
49,chaos_flash_crowd,ShieldOnly,0.5389123968464252,0.8665861080424537,109.0,500.0,500.0,-0.6866737111960285,36.0
49,chaos_flash_crowd,Static,0.5852982022714543,0.8309004516166579,25.0,500.0,500.0,-0.5206022493452036,0.0
49,chaos_flash_crowd,Adaptive,0.6036709458282526,0.9671538416718888,25.0,500.0,500.0,-0.6384828958436363,0.0
49,chaos_flash_crowd,Random,0.535889912821391,0.8657442111506386,123.0,500.0,500.0,-0.7028542983292476,0.0
49,chaos_flash_crowd,straddle,0.5857638513006581,0.8352464177273621,25.0,500.0,500.0,-0.524482566426704,5.0
49,chaos_flash_crowd,straddle-final,0.5827664596493328,0.8143132199102124,25.0,500.0,500.0,-0.5065467602608796,5.0
49,chaos_flash_crowd,straddle_cgrpo,0.5794639024365595,0.8935141282710388,25.0,500.0,500.0,-0.5890502258344793,5.0
49,chaos_flash_crowd,straddle_cgrpo-final,0.5794639024365595,0.8935141282710388,25.0,500.0,500.0,-0.5890502258344793,5.0
49,chaos_flash_crowd,straddle_nosafe,0.56896705800102,0.8536169541694114,25.0,500.0,500.0,-0.5596498961683914,5.0
49,chaos_flash_crowd,straddle_nosafe-final,0.56896705800102,0.8536169541694114,25.0,500.0,500.0,-0.5596498961683914,5.0
49,chaos_flash_crowd,straddle_entropy,0.5717458437199807,0.8634316571607272,25.0,500.0,500.0,-0.5666858134407465,5.0
49,chaos_flash_crowd,straddle_entropy-final,0.5717458437199807,0.8634316571607272,25.0,500.0,500.0,-0.5666858134407465,5.0
49,chaos_flash_crowd,nscsd,0.5647807890955916,0.6764833689321083,25.0,500.0,500.0,-0.3867025798365167,5.0
49,chaos_flash_crowd,nscsd-final,0.5589554870836252,0.6360130433268694,25.0,500.0,500.0,-0.3520575562432442,5.0
49,chaos_flash_crowd,nscsd-tree,0.5643378106131784,0.67325181416443,25.0,500.0,500.0,-0.3839140035512516,0.0
49,chaos_flash_crowd,ppo,0.5771935907153594,0.7899934844790215,25.0,500.0,500.0,-0.4877998937636622,5.0
49,chaos_flash_crowd,ppo-final,0.5593452178174225,0.8125930595114423,25.0,500.0,500.0,-0.5282478416940198,5.0
49,zero_shot_icmp,Sentinel,0.5352080158722399,0.7345394221519286,0.0,500.0,500.0,-0.4493314062796887,500.0
49,zero_shot_icmp,Sentinel-final,0.5350918840702515,0.7350563971649958,0.0,500.0,500.0,-0.4499645130947443,500.0
49,zero_shot_icmp,PPO-NoShield (Sentinel),0.535866104168975,0.7432128480751607,0.0,500.0,500.0,-0.4573467439061858,0.0
49,zero_shot_icmp,ShieldOnly,0.5099751413709919,0.6535255996563093,117.0,500.0,500.0,-0.5105504582853174,442.0
49,zero_shot_icmp,Static,0.5398157189962535,0.7942866913548071,0.0,500.0,500.0,-0.5044709723585536,0.0
49,zero_shot_icmp,Adaptive,0.5526453250803062,0.9594172467501436,0.0,500.0,500.0,-0.6567719216698376,0.0
49,zero_shot_icmp,Random,0.4739874473549796,0.9132633826896994,283.00000000000006,500.0,500.0,-0.97227593533472,0.0
49,zero_shot_icmp,straddle,0.528561423030552,0.6482133885089272,0.0,500.0,500.0,-0.3696519654783752,500.0
49,zero_shot_icmp,straddle-final,0.5302724071622557,0.6704610122794825,0.0,500.0,500.0,-0.3901886051172268,500.0
49,zero_shot_icmp,straddle_cgrpo,0.5352275030076451,0.7347749972351905,0.0,500.0,500.0,-0.4495474942275453,500.0
49,zero_shot_icmp,straddle_cgrpo-final,0.5352275030076451,0.7347749972351905,0.0,500.0,500.0,-0.4495474942275453,500.0
49,zero_shot_icmp,straddle_nosafe,0.53491936513662,0.7308020648572582,0.0,500.0,500.0,-0.4458826997206382,500.0
49,zero_shot_icmp,straddle_nosafe-final,0.53491936513662,0.7308020648572582,0.0,500.0,500.0,-0.4458826997206382,500.0
49,zero_shot_icmp,straddle_entropy,0.5335814280791952,0.7134486146441895,0.0,500.0,500.0,-0.4298671865649943,500.0
49,zero_shot_icmp,straddle_entropy-final,0.5335814280791952,0.7134486146441895,0.0,500.0,500.0,-0.4298671865649943,500.0
49,zero_shot_icmp,nscsd,0.5191786574162547,0.5258719929732487,0.0,500.0,500.0,-0.256693335556994,223.0
49,zero_shot_icmp,nscsd-final,0.5163960516998767,0.4894729252977462,1.0,500.0,500.0,-0.2240768735978695,10.0
49,zero_shot_icmp,nscsd-tree,0.51822510820689,0.5134048800470852,0.0,500.0,500.0,-0.2451797718401951,3.0
49,zero_shot_icmp,ppo,0.5351740331291456,0.7340986290849962,0.0,500.0,500.0,-0.4489245959558506,500.0
49,zero_shot_icmp,ppo-final,0.5290018811946589,0.6559767621303287,0.0,500.0,500.0,-0.3769748809356699,500.0
50,benign,Sentinel,1.0,0.0,0.0,0.0,0.0,1.0,500.0
50,benign,Sentinel-final,1.0,0.0,0.0,0.0,0.0,1.0,500.0
50,benign,PPO-NoShield (Sentinel),1.0,0.0,0.0,0.0,0.0,1.0,0.0
50,benign,ShieldOnly,1.0,0.0,0.0,0.0,0.0,1.0,470.0
50,benign,Static,1.0,0.0,0.0,0.0,0.0,1.0,0.0
50,benign,Adaptive,1.0,0.0,0.0,0.0,0.0,1.0,0.0
50,benign,Random,0.9801951676172622,0.0,0.0,0.0,29.0,0.9801951676172622,0.0
50,benign,straddle,1.0,0.0,0.0,0.0,0.0,1.0,500.0
50,benign,straddle-final,1.0,0.0,0.0,0.0,0.0,1.0,500.0
50,benign,straddle_cgrpo,1.0,0.0,0.0,0.0,0.0,1.0,500.0
50,benign,straddle_cgrpo-final,1.0,0.0,0.0,0.0,0.0,1.0,500.0
50,benign,straddle_nosafe,1.0,0.0,0.0,0.0,0.0,1.0,500.0
50,benign,straddle_nosafe-final,1.0,0.0,0.0,0.0,0.0,1.0,500.0
50,benign,straddle_entropy,1.0,0.0,0.0,0.0,0.0,1.0,500.0
50,benign,straddle_entropy-final,1.0,0.0,0.0,0.0,0.0,1.0,500.0
50,benign,nscsd,1.0,0.0,0.0,0.0,0.0,1.0,500.0
50,benign,nscsd-final,1.0,0.0,0.0,0.0,0.0,1.0,500.0
50,benign,nscsd-tree,1.0,0.0,0.0,0.0,0.0,1.0,0.0
50,benign,ppo,1.0,0.0,0.0,0.0,0.0,1.0,500.0
50,benign,ppo-final,1.0,0.0,0.0,0.0,0.0,1.0,500.0
50,mild_attack,Sentinel,0.9726634851653984,0.9003421223561212,0.0,0.0,0.0,0.0723213628092771,5.0
50,mild_attack,Sentinel-final,0.9380726737498196,0.9999253021437668,0.0,0.0,0.0,-0.0618526283939471,5.0
50,mild_attack,PPO-NoShield (Sentinel),0.9722591629600134,0.9000292116923075,0.0,0.0,0.0,0.0722299512677058,0.0
50,mild_attack,ShieldOnly,0.9212548897048084,0.9407586938389136,3.0,49.0,129.0,-0.047003804134105,36.0
50,mild_attack,Static,0.999996772930056,0.9999882072687464,0.0,0.0,0.0,8.565661309800632e-06,0.0
50,mild_attack,Adaptive,0.9998116598994236,0.999307547009962,0.0,0.0,0.0,0.0005041128894616,0.0
50,mild_attack,Random,0.9162091769136608,0.9317003211043268,1.0,51.00000000000001,156.0,-0.0419911441906661,0.0
50,mild_attack,straddle,0.962424568349752,0.8632717614813024,0.0,0.0,0.0,0.0991528068684495,5.0
50,mild_attack,straddle-final,0.9642300845737228,0.8698862090150247,0.0,0.0,0.0,0.0943438755586981,5.0
50,mild_attack,straddle_cgrpo,0.9237145716296956,0.7231469632666634,0.0,0.0,1.0,0.2005676083630322,5.0
50,mild_attack,straddle_cgrpo-final,0.9219432760827896,0.7163057129808352,0.0,0.0,1.0,0.2056375631019542,5.0
50,mild_attack,straddle_nosafe,0.93929496372887,0.7791882735787183,0.0,0.0,0.0,0.1601066901501517,5.0
50,mild_attack,straddle_nosafe-final,0.9012392644424188,0.6811417664022488,0.0,0.0,238.0,0.2200974980401701,5.0
50,mild_attack,straddle_entropy,0.913659007421521,0.7029510927680527,0.0,0.0,47.0,0.2107079146534682,5.0
50,mild_attack,straddle_entropy-final,0.9059628554965724,0.6838059305898629,0.0,0.0,145.0,0.2221569249067093,5.0
50,mild_attack,nscsd,0.9154357813568732,0.697094223474246,0.0,0.0,16.000000000000004,0.2183415578826272,5.0
50,mild_attack,nscsd-final,0.9181775701803911,0.7045477329518575,0.0,0.0,7.000000000000001,0.2136298372285336,5.0
50,mild_attack,nscsd-tree,0.9193099263614386,0.7076246064226257,0.0,0.0,3.0,0.2116853199388129,0.0
50,mild_attack,ppo,0.9707618507601532,0.9411973473563772,0.0,0.0,0.0,0.0295645034037758,6.0
50,mild_attack,ppo-final,0.9539468579183046,0.9073760600134269,0.0,0.0,0.0,0.0465707979048778,6.0
50,strong_attack,Sentinel,0.5238898750909924,0.7917421624182223,0.0,500.0,500.0,-0.5178522873272299,5.0
50,strong_attack,Sentinel-final,0.4828242068074236,0.999838578933003,495.0,500.0,500.0,-1.2620143721255794,5.0
50,strong_attack,PPO-NoShield (Sentinel),0.5234080955890853,0.7910685518608906,3.0,500.0,500.0,-0.5206604562718053,0.0
50,strong_attack,ShieldOnly,0.4865000688377277,0.8742210412035849,242.0,500.0,500.0,-0.8797209723658572,22.0
50,strong_attack,Static,0.5303762514576411,0.8361657977038078,3.0,500.0,500.0,-0.5587895462461667,0.0
50,strong_attack,Adaptive,0.5506977754516524,0.9676482092057468,0.0,500.0,500.0,-0.6669504337540945,0.0
50,strong_attack,Random,0.4890409969525297,0.869428751274884,230.0,500.0,500.0,-0.8603877543223541,0.0
50,strong_attack,straddle,0.5296662508519285,0.8308866911807395,0.0,500.0,500.0,-0.551220440328811,5.0
50,strong_attack,straddle-final,0.5279938736264683,0.8199079347031905,0.0,500.0,500.0,-0.5419140610767221,5.0
50,strong_attack,straddle_cgrpo,0.5198128674114728,0.7654713562307915,0.0,500.0,500.0,-0.4956584888193187,5.0
50,strong_attack,straddle_cgrpo-final,0.5170131772749142,0.7470906151837017,0.0,500.0,500.0,-0.4800774379087874,5.0
50,strong_attack,straddle_nosafe,0.5127451416189486,0.7193075711147072,4.0,500.0,500.0,-0.4605624294957586,5.0
50,strong_attack,straddle_nosafe-final,0.4896827728919407,0.5770227132964296,478.00000000000006,500.0,500.0,-0.815339940404489,5.0
50,strong_attack,straddle_entropy,0.5030043861426879,0.655187054412706,156.0,500.0,500.0,-0.5581826682700181,5.0
50,strong_attack,straddle_entropy-final,0.4885226253913693,0.5639295233780196,485.0,500.0,500.0,-0.8104068979866503,5.0
50,strong_attack,nscsd,0.4918658931960051,0.5825206823414525,473.00000000000006,500.0,500.0,-0.8136547891454474,5.0
50,strong_attack,nscsd-final,0.4937425058937786,0.5948383136333567,449.0,500.0,500.0,-0.8000958077395781,5.0
50,strong_attack,nscsd-tree,0.4928060718785649,0.5887163337919085,461.9999999999999,500.0,500.0,-0.8079102619133435,0.0
50,strong_attack,ppo,0.5077829660172919,0.8270472131706752,37.0,500.0,500.0,-0.6062642471533832,5.0
50,strong_attack,ppo-final,0.4992754359260517,0.7963240886910814,292.0,500.0,500.0,-0.8390486527650296,5.0
50,chaos_flash_crowd,Sentinel,0.7852156083883088,0.8294588556742095,16.999999999999996,21.0,500.0,-0.0717432472859006,5.0
50,chaos_flash_crowd,Sentinel-final,0.7371860373779825,0.9998289542017432,19.0,255.99999999999997,500.0,-0.4096429168237608,5.0
50,chaos_flash_crowd,PPO-NoShield (Sentinel),0.7845312602606771,0.8291886310151171,16.999999999999996,21.0,500.0,-0.0721573707544399,0.0
50,chaos_flash_crowd,ShieldOnly,0.7388879243935271,0.9010442091184588,26.000000000000004,191.0,500.0,-0.2836562847249317,34.0
50,chaos_flash_crowd,Static,0.8029538534907396,0.9002089503118018,12.0,21.0,500.0,-0.1197550968210622,0.0
50,chaos_flash_crowd,Adaptive,0.822734200988665,0.9827508226803012,9.0,21.0,500.0,-0.1795166216916363,0.0
50,chaos_flash_crowd,Random,0.7300230993740898,0.9034341886772508,25.0,209.0,500.0,-0.3029110893031611,0.0
50,chaos_flash_crowd,straddle,0.7981639921504875,0.8819280790911332,13.999999999999998,21.0,500.0,-0.1082640869406457,5.0
50,chaos_flash_crowd,straddle-final,0.79632888196878,0.8737829381059511,13.999999999999998,21.0,500.0,-0.101954056137171,5.0
50,chaos_flash_crowd,straddle_cgrpo,0.7765208613088629,0.7952860151016845,18.0,21.0,500.0,-0.0472651537928216,5.0
50,chaos_flash_crowd,straddle_cgrpo-final,0.7725191927202065,0.7780555398062461,18.0,21.0,500.0,-0.0340363470860395,5.0
50,chaos_flash_crowd,straddle_nosafe,0.7689032788628072,0.7626273483747084,18.0,22.0,500.0,-0.0227240695119011,5.0
50,chaos_flash_crowd,straddle_nosafe-final,0.7340001772814677,0.6209421418156664,21.0,267.0,500.0,-0.0414419645341987,5.0
50,chaos_flash_crowd,straddle_entropy,0.7543115016290609,0.6998041271805825,20.0,47.0,500.0,0.0110073744484784,5.0
50,chaos_flash_crowd,straddle_entropy-final,0.7328135508398788,0.6107387530618894,21.0,312.0,500.0,-0.0549252022220106,5.0
50,chaos_flash_crowd,nscsd,0.7385594104101179,0.6330026502556831,21.0,224.00000000000003,500.0,-0.0274432398455653,5.0
50,chaos_flash_crowd,nscsd-final,0.7422420887595316,0.6482520593974163,20.0,167.0,500.0,-0.0095099706378846,5.0
50,chaos_flash_crowd,nscsd-tree,0.740377031181134,0.6405389244465706,20.0,197.0,500.0,-0.0186618932654366,0.0
50,chaos_flash_crowd,ppo,0.7704923127298489,0.8677779796413756,16.999999999999996,21.0,500.0,-0.1247856669115267,6.0
50,chaos_flash_crowd,ppo-final,0.7549900572113167,0.8320154119363051,18.0,43.0,500.0,-0.1165253547249884,6.0
50,zero_shot_icmp,Sentinel,0.5293165901536784,0.7575282562845652,0.0,500.0,500.0,-0.4782116661308868,500.0
50,zero_shot_icmp,Sentinel-final,0.5293852120046586,0.7596240112188337,0.0,500.0,500.0,-0.4802387992141751,500.0
50,zero_shot_icmp,PPO-NoShield (Sentinel),0.5299142761123766,0.7629852134823412,0.0,500.0,500.0,-0.4830709373699645,0.0
50,zero_shot_icmp,ShieldOnly,0.5017340430811257,0.6743419723305546,142.00000000000003,500.0,500.0,-0.5646079292494289,446.0
50,zero_shot_icmp,Static,0.5354819494751677,0.8138231166853425,0.0,500.0,500.0,-0.5283411672101748,0.0
50,zero_shot_icmp,Adaptive,0.5518087767460405,0.9632197877943014,0.0,500.0,500.0,-0.6614110110482609,0.0
50,zero_shot_icmp,Random,0.4789950499279406,0.9256031348094248,259.0,500.0,500.0,-0.9556080848814844,0.0
50,zero_shot_icmp,straddle,0.5295392354256746,0.7595601383758983,0.0,500.0,500.0,-0.4800209029502237,500.0
50,zero_shot_icmp,straddle-final,0.5293691685925037,0.7580097564261155,0.0,500.0,500.0,-0.4786405878336117,500.0
50,zero_shot_icmp,straddle_cgrpo,0.5275448748050728,0.7413648229954535,0.0,500.0,500.0,-0.4638199481903806,500.0
50,zero_shot_icmp,straddle_cgrpo-final,0.525372124769371,0.7215505962494446,0.0,500.0,500.0,-0.4461784714800736,500.0
50,zero_shot_icmp,straddle_nosafe,0.5250402194243684,0.7185193269473962,0.0,500.0,500.0,-0.4434791075230277,500.0
50,zero_shot_icmp,straddle_nosafe-final,0.5160289034512909,0.636416715227981,2.0,500.0,500.0,-0.3723878117766901,490.0
50,zero_shot_icmp,straddle_entropy,0.5231747121521636,0.7015195794145116,0.0,500.0,500.0,-0.428344867262348,500.0
50,zero_shot_icmp,straddle_entropy-final,0.5148594377310243,0.6257675878131896,3.0,500.0,500.0,-0.3639081500821653,499.0
50,zero_shot_icmp,nscsd,0.505101254332776,0.5369721521265228,83.99999999999999,500.0,500.0,-0.3658708977937468,14.0
50,zero_shot_icmp,nscsd-final,0.5069503184076248,0.5537880089334204,48.0,500.0,500.0,-0.3448376905257955,10.0
50,zero_shot_icmp,nscsd-tree,0.5058310844175429,0.5436087695054996,71.00000000000001,500.0,500.0,-0.3587776850879567,0.0
50,zero_shot_icmp,ppo,0.5250725028202432,0.7201961791920125,0.0,500.0,500.0,-0.4451236763717693,500.0
50,zero_shot_icmp,ppo-final,0.5226838057093589,0.6985253531587331,0.0,500.0,500.0,-0.4258415474493742,500.0
51,benign,Sentinel,1.0,0.0,0.0,0.0,0.0,1.0,500.0
51,benign,Sentinel-final,1.0,0.0,0.0,0.0,0.0,1.0,500.0
51,benign,PPO-NoShield (Sentinel),1.0,0.0,0.0,0.0,0.0,1.0,0.0
51,benign,ShieldOnly,1.0,0.0,0.0,0.0,0.0,1.0,467.0
51,benign,Static,1.0,0.0,0.0,0.0,0.0,1.0,0.0
51,benign,Adaptive,1.0,0.0,0.0,0.0,0.0,1.0,0.0
51,benign,Random,0.9781578626819848,0.0,0.0,0.0,29.0,0.9781578626819848,0.0
51,benign,straddle,1.0,0.0,0.0,0.0,0.0,1.0,500.0
51,benign,straddle-final,1.0,0.0,0.0,0.0,0.0,1.0,500.0
51,benign,straddle_cgrpo,1.0,0.0,0.0,0.0,0.0,1.0,500.0
51,benign,straddle_cgrpo-final,1.0,0.0,0.0,0.0,0.0,1.0,500.0
51,benign,straddle_nosafe,1.0,0.0,0.0,0.0,0.0,1.0,500.0
51,benign,straddle_nosafe-final,1.0,0.0,0.0,0.0,0.0,1.0,500.0
51,benign,straddle_entropy,1.0,0.0,0.0,0.0,0.0,1.0,500.0
51,benign,straddle_entropy-final,1.0,0.0,0.0,0.0,0.0,1.0,500.0
51,benign,nscsd,1.0,0.0,0.0,0.0,0.0,1.0,500.0
51,benign,nscsd-final,1.0,0.0,0.0,0.0,0.0,1.0,500.0
51,benign,nscsd-tree,1.0,0.0,0.0,0.0,0.0,1.0,0.0
51,benign,ppo,1.0,0.0,0.0,0.0,0.0,1.0,500.0
51,benign,ppo-final,1.0,0.0,0.0,0.0,0.0,1.0,500.0
51,mild_attack,Sentinel,0.9769299148144442,0.9384472818375158,0.0,0.0,0.0,0.0384826329769284,5.0
51,mild_attack,Sentinel-final,0.9766719383385112,0.9377590632826652,0.0,0.0,0.0,0.038912875055846,5.0
51,mild_attack,PPO-NoShield (Sentinel),0.9767394826606676,0.9379335986132856,0.0,0.0,0.0,0.0388058840473819,0.0
51,mild_attack,ShieldOnly,0.9120835502953296,0.9445234894583332,2.0,55.99999999999999,162.0,-0.0624399391630038,34.0
51,mild_attack,Static,0.9999970223325064,1.0,0.0,0.0,0.0,-2.9776674936865533e-06,0.0
51,mild_attack,Adaptive,0.9996054983546336,1.0,0.0,0.0,1.0,-0.0003945016453663,0.0
51,mild_attack,Random,0.9264089582986332,0.944097193772542,0.0,34.99999999999999,133.0,-0.0351882354739086,0.0
51,mild_attack,straddle,0.939209777495595,0.8465065250140601,0.0,0.0,12.0,0.0927032524815348,17.0
51,mild_attack,straddle-final,0.939209777495595,0.8465065250140601,0.0,0.0,12.0,0.0927032524815348,17.0
51,mild_attack,straddle_cgrpo,0.918349011539712,0.8145019824093389,0.0,0.0,37.0,0.1038470291303731,42.0
51,mild_attack,straddle_cgrpo-final,0.9183170219203312,0.8136848747865155,0.0,0.0,36.0,0.1046321471338156,41.0
51,mild_attack,straddle_nosafe,0.9371758184047791,0.841499182577025,0.0,0.0,12.0,0.0956766358277541,17.0
51,mild_attack,straddle_nosafe-final,0.9406893660946032,0.848386000421329,0.0,0.0,9.0,0.0923033656732741,14.0
51,mild_attack,straddle_entropy,0.9308933541331516,0.8304832438966582,0.0,0.0,19.0,0.1004101102364934,24.0
51,mild_attack,straddle_entropy-final,0.9316228128629176,0.8311374841308963,0.0,0.0,17.0,0.1004853287320213,22.0
51,mild_attack,nscsd,0.9101202235746404,0.8060691685771915,0.0,0.0,50.0,0.1040510549974489,55.0
51,mild_attack,nscsd-final,0.8985643028597643,0.799616439353165,0.0,0.0,71.0,0.0989478635065993,76.0
51,mild_attack,nscsd-tree,0.9135774837312922,0.811866872027187,0.0,0.0,48.0,0.1017106117041052,0.0
51,mild_attack,ppo,0.9679958087893856,0.9146121629528088,0.0,0.0,0.0,0.0533836458365767,5.0
51,mild_attack,ppo-final,0.963371081639097,0.9027119601383692,0.0,0.0,0.0,0.0606591215007279,6.0
51,strong_attack,Sentinel,0.5251120593623739,0.8561897744501143,0.0,500.0,500.0,-0.5810777150877404,5.0
51,strong_attack,Sentinel-final,0.5226731272656896,0.8445662257174404,0.0,500.0,500.0,-0.5718930984517508,5.0
51,strong_attack,PPO-NoShield (Sentinel),0.524866790830544,0.8549931876909909,0.0,500.0,500.0,-0.5801263968604469,0.0
51,strong_attack,ShieldOnly,0.482123990098795,0.9011298065839016,259.99999999999994,500.0,500.0,-0.9290058164851068,30.0
51,strong_attack,Static,0.4935646968726512,1.0,450.0,500.0,500.0,-1.2064353031273487,0.0
51,strong_attack,Adaptive,0.5431107168660774,1.0,5.0,500.0,500.0,-0.7118892831339226,0.0
51,strong_attack,Random,0.4826821685786099,0.8911960277865193,259.0,500.0,500.0,-0.9175138592079094,0.0
51,strong_attack,straddle,0.5178050972372932,0.8221010406571038,0.0,500.0,500.0,-0.5542959434198106,5.0
51,strong_attack,straddle-final,0.5178050972372932,0.8221010406571038,0.0,500.0,500.0,-0.5542959434198106,5.0
51,strong_attack,straddle_cgrpo,0.514644282579249,0.8071322452991503,0.0,500.0,500.0,-0.5424879627199013,5.0
51,strong_attack,straddle_cgrpo-final,0.5115795077982676,0.7925258795594032,4.0,500.0,500.0,-0.5349463717611357,5.0
51,strong_attack,straddle_nosafe,0.5138858666509996,0.8035095060854894,0.0,500.0,500.0,-0.5396236394344899,5.0
51,strong_attack,straddle_nosafe-final,0.512101356345936,0.7950084519862877,4.0,500.0,500.0,-0.5369070956403517,5.0
51,strong_attack,straddle_entropy,0.5128326544722903,0.7982264227153337,2.0,500.0,500.0,-0.5373937682430434,5.0
51,strong_attack,straddle_entropy-final,0.5114410074503739,0.7915962296073199,4.0,500.0,500.0,-0.534155222156946,5.0
51,strong_attack,nscsd,0.4896475604796336,0.6882652342492699,484.0,500.0,500.0,-0.9326176737696362,5.0
51,strong_attack,nscsd-final,0.4847922135313212,0.665135773731529,495.0,500.0,500.0,-0.9253435602002078,5.0
51,strong_attack,nscsd-tree,0.495406659419875,0.7157067895399518,420.00000000000006,500.0,500.0,-0.8903001301200768,0.0
51,strong_attack,ppo,0.5176966283923057,0.8208506918909542,0.0,500.0,500.0,-0.5531540634986485,5.0
51,strong_attack,ppo-final,0.5055797762483706,0.7631100628655757,76.0,500.0,500.0,-0.5835302866172052,5.0
51,chaos_flash_crowd,Sentinel,0.6069275305146162,0.8672105247527977,24.0,500.0,500.0,-0.5342829942381815,10.0
51,chaos_flash_crowd,Sentinel-final,0.6044475824891323,0.857022122570992,24.0,500.0,500.0,-0.5265745400818597,10.0
51,chaos_flash_crowd,PPO-NoShield (Sentinel),0.6069846786854207,0.864773172920809,24.0,500.0,500.0,-0.5317884942353883,0.0
51,chaos_flash_crowd,ShieldOnly,0.5579761953495027,0.8933225116309178,93.0,500.0,500.0,-0.6783463162814151,33.0
51,chaos_flash_crowd,Static,0.5797509001021396,1.0,24.0,500.0,500.0,-0.6942490998978604,0.0
51,chaos_flash_crowd,Adaptive,0.6302935006680431,1.0,23.0,500.0,500.0,-0.6427064993319569,0.0
51,chaos_flash_crowd,Random,0.5581517964215268,0.8979882756327976,95.0,500.0,500.0,-0.6848364792112708,0.0
51,chaos_flash_crowd,straddle,0.5998917102183151,0.8394181885549999,24.0,500.0,500.0,-0.5135264783366849,12.0
51,chaos_flash_crowd,straddle-final,0.5998917102183151,0.8394181885549999,24.0,500.0,500.0,-0.5135264783366849,12.0
51,chaos_flash_crowd,straddle_cgrpo,0.5949148534676276,0.8228134872229648,24.0,500.0,500.0,-0.5018986337553372,13.0
51,chaos_flash_crowd,straddle_cgrpo-final,0.5912947815871684,0.8089449780876228,24.0,500.0,500.0,-0.4916501965004544,13.0
51,chaos_flash_crowd,straddle_nosafe,0.5948994375558609,0.8215706819281443,24.0,500.0,500.0,-0.5006712443722834,13.0
51,chaos_flash_crowd,straddle_nosafe-final,0.5928758994641319,0.8137518951598242,24.0,500.0,500.0,-0.4948759956956923,13.0
51,chaos_flash_crowd,straddle_entropy,0.5941354483746477,0.8178147889407222,24.0,500.0,500.0,-0.4976793405660745,13.0
51,chaos_flash_crowd,straddle_entropy-final,0.5918577397002501,0.8099321262239526,24.0,500.0,500.0,-0.4920743865237025,13.0
51,chaos_flash_crowd,nscsd,0.5639396105040806,0.7148341154122468,25.0,500.0,500.0,-0.4258945049081662,23.0
51,chaos_flash_crowd,nscsd-final,0.5566576673551289,0.6912253092020485,41.0,500.0,500.0,-0.4255676418469196,24.0
51,chaos_flash_crowd,nscsd-tree,0.5713296621749175,0.7407689492427318,25.0,500.0,500.0,-0.4444392870678143,0.0
51,chaos_flash_crowd,ppo,0.5983064326471845,0.8342567080691061,24.0,500.0,500.0,-0.5099502754219216,11.0
51,chaos_flash_crowd,ppo-final,0.5845375603340652,0.7834378863430029,24.0,500.0,500.0,-0.4729003260089377,15.0
51,zero_shot_icmp,Sentinel,0.528407837105753,0.7636865909915868,0.0,500.0,500.0,-0.4852787538858337,500.0
51,zero_shot_icmp,Sentinel-final,0.5284092037033118,0.7636865909915868,0.0,500.0,500.0,-0.4852773872882749,500.0
51,zero_shot_icmp,PPO-NoShield (Sentinel),0.4917324071626852,1.0,478.00000000000006,500.0,500.0,-1.2362675928373148,0.0
51,zero_shot_icmp,ShieldOnly,0.5029251821597928,0.6857642433510618,141.0,500.0,500.0,-0.573839061191269,453.0
51,zero_shot_icmp,Static,0.5345746803359777,0.8163556837730169,0.0,500.0,500.0,-0.5317810034370393,0.0
51,zero_shot_icmp,Adaptive,0.5513718206780749,0.9637802469315666,0.0,500.0,500.0,-0.6624084262534917,0.0
51,zero_shot_icmp,Random,0.4781837522522322,0.9093053678705274,252.0,500.0,500.0,-0.9331216156182952,0.0
51,zero_shot_icmp,straddle,0.5285141427454363,0.7632288582918372,0.0,500.0,500.0,-0.4847147155464009,500.0
51,zero_shot_icmp,straddle-final,0.5285141427454363,0.7632288582918372,0.0,500.0,500.0,-0.4847147155464009,500.0
51,zero_shot_icmp,straddle_cgrpo,0.5285058025118562,0.76315407206697,0.0,500.0,500.0,-0.4846482695551137,500.0
51,zero_shot_icmp,straddle_cgrpo-final,0.527398471509281,0.7534372870881351,0.0,500.0,500.0,-0.4760388155788541,500.0
51,zero_shot_icmp,straddle_nosafe,0.52618369567166,0.7427815293898868,0.0,500.0,500.0,-0.4665978337182268,500.0
51,zero_shot_icmp,straddle_nosafe-final,0.5250169706221927,0.7325468813069073,0.0,500.0,500.0,-0.4575299106847146,500.0
51,zero_shot_icmp,straddle_entropy,0.5252434704485893,0.734537961311226,0.0,500.0,500.0,-0.4592944908626366,500.0
51,zero_shot_icmp,straddle_entropy-final,0.5257164716465883,0.7386866011711802,0.0,500.0,500.0,-0.4629701295245919,500.0
51,zero_shot_icmp,nscsd,0.5171996554316595,0.6639725799818993,2.0,500.0,500.0,-0.3987729245502398,500.0
51,zero_shot_icmp,nscsd-final,0.5081654411514787,0.584739816761471,29.000000000000004,500.0,500.0,-0.3555743756099924,500.0
51,zero_shot_icmp,nscsd-tree,0.5137775359820191,0.633957278774331,4.0,500.0,500.0,-0.3741797427923118,0.0
51,zero_shot_icmp,ppo,0.528403900100461,0.7636865909915868,0.0,500.0,500.0,-0.4852826908911257,500.0
51,zero_shot_icmp,ppo-final,0.5188771464268438,0.6800980470924388,0.0,500.0,500.0,-0.411220900665595,500.0
