seed,scenario,defender,PanicGuard_Drop,PanicGuard_Threshold,HTTP_SourceIP_Exception,SpoofingGuard_Override_Protocol,SpoofingGuard_Override_PacketSize,SpoofingGuard_Fallback,ProtocolAnomalyGuard,ICMP_Protocol_Override,ICMP_Drop_Override,ICMP_Threshold_Override,ExtremeDropCap
42,benign,Sentinel,500.0,0.0,0.0,0.0,0.0,0.0,0.0,0.0,0.0,0.0,0.0
42,mild,Sentinel,320.25,0.0,0.0,0.0,0.0,0.0,0.0,0.0,0.0,0.0,0.0
42,strong,Sentinel,5.0,0.0,66.25,0.0,0.0,0.0,0.0,0.0,0.0,0.0,0.0
42,chaos,Sentinel,187.0,0.0,48.25,0.0,0.0,7.25,0.0,0.0,0.0,0.0,0.0
42,icmp,Sentinel,5.0,0.0,0.0,0.0,5.75,483.75,0.0,8.5,0.0,495.0,0.0
42,pulse,Sentinel,252.25,0.0,56.5,0.0,0.0,0.0,0.0,0.0,0.0,0.0,0.0
42,polymorph,Sentinel,5.0,0.0,120.75,0.0,0.0,0.0,0.0,0.0,0.0,0.0,0.0
42,boundary,Sentinel,5.0,0.0,49.25,0.0,0.0,0.0,0.0,0.0,0.0,0.0,0.0
42,icmp_chaos,Sentinel,54.5,0.0,58.5,0.0,3.25,182.75,0.0,4.75,0.0,181.5,0.0
43,benign,Sentinel,500.0,0.0,0.0,0.0,0.0,0.0,0.0,0.0,0.0,0.0,0.0
43,mild,Sentinel,366.0,0.0,0.0,0.0,0.0,0.0,0.0,0.0,0.0,0.0,0.0
43,strong,Sentinel,5.0,0.0,0.0,0.0,0.0,0.0,0.0,0.0,0.0,0.0,0.0
43,chaos,Sentinel,160.5,0.0,0.0,0.0,0.0,0.0,0.0,0.0,0.0,0.0,0.0
43,icmp,Sentinel,5.0,0.0,0.0,0.0,0.0,0.0,0.0,0.0,495.0,495.0,0.0
43,pulse,Sentinel,252.5,0.0,0.0,0.0,0.0,0.0,0.0,0.0,0.0,0.0,0.0
43,polymorph,Sentinel,5.0,0.0,0.0,0.0,0.0,0.0,0.0,0.0,0.0,0.0,0.0
43,boundary,Sentinel,5.0,0.0,0.0,0.0,0.0,0.0,0.0,0.0,0.0,0.0,0.0
43,icmp_chaos,Sentinel,58.5,0.0,0.0,0.0,0.0,0.0,0.0,0.0,184.75,184.75,0.0
44,benign,Sentinel,500.0,0.0,0.0,0.0,0.0,0.0,0.0,0.0,0.0,0.0,0.0
44,mild,Sentinel,333.25,0.0,42.0,0.0,0.0,72.25,0.0,0.0,0.0,0.0,0.0
44,strong,Sentinel,5.0,0.0,124.5,1.75,0.0,140.5,0.0,0.0,0.0,0.0,0.0
44,chaos,Sentinel,140.5,0.0,67.75,0.0,0.0,107.5,0.0,0.0,0.0,0.0,0.0
44,icmp,Sentinel,5.0,0.0,0.0,0.25,40.25,451.75,0.0,43.0,495.0,495.0,0.0
44,pulse,Sentinel,251.75,0.0,53.75,4.25,0.0,60.0,0.0,0.0,0.0,0.0,0.0
44,polymorph,Sentinel,5.0,0.0,127.5,5.0,0.0,115.0,0.0,0.0,0.0,0.0,0.0
44,boundary,Sentinel,5.0,0.0,116.5,0.25,0.0,125.75,0.0,0.0,0.0,0.0,0.0
44,icmp_chaos,Sentinel,87.0,0.0,48.0,0.25,6.25,241.5,0.0,6.5,181.75,181.75,0.0
45,benign,Sentinel,500.0,0.0,0.0,0.0,0.0,0.0,0.0,0.0,0.0,0.0,0.0
45,mild,Sentinel,329.0,0.0,0.0,0.0,0.0,0.0,0.0,0.0,0.0,0.0,0.0
45,strong,Sentinel,5.0,0.0,0.0,0.0,0.0,0.0,0.0,0.0,0.0,0.0,0.0
45,chaos,Sentinel,195.75,0.0,0.0,0.0,0.0,0.0,0.0,0.0,0.0,0.0,0.0
45,icmp,Sentinel,5.0,0.0,0.0,0.0,0.0,0.0,0.0,0.0,0.0,495.0,0.0
45,pulse,Sentinel,252.5,0.0,0.0,0.0,0.0,0.0,0.0,0.0,0.0,0.0,0.0
45,polymorph,Sentinel,5.0,0.0,0.0,0.0,0.0,0.0,0.0,0.0,0.0,0.0,0.0
45,boundary,Sentinel,5.0,0.0,0.0,0.0,0.0,0.0,0.0,0.0,0.0,0.0,0.0
45,icmp_chaos,Sentinel,56.0,0.0,0.0,0.0,0.0,0.0,0.0,0.0,0.0,142.25,0.0
46,benign,Sentinel,500.0,0.0,0.0,0.0,0.0,0.0,0.0,0.0,0.0,0.0,0.0
46,mild,Sentinel,310.75,0.0,0.0,0.0,0.0,0.0,0.0,0.0,0.0,0.0,0.0
46,strong,Sentinel,5.0,0.0,0.0,0.0,0.0,0.0,0.0,0.0,0.0,0.0,0.0
46,chaos,Sentinel,186.5,0.0,0.0,0.0,0.0,0.0,0.0,0.0,0.0,0.0,0.0
46,icmp,Sentinel,5.0,0.0,0.0,0.0,0.0,0.0,0.0,0.0,495.0,0.0,0.0
46,pulse,Sentinel,252.25,0.0,0.0,0.0,0.0,0.0,0.0,0.0,0.0,0.0,0.0
46,polymorph,Sentinel,5.0,0.0,0.0,0.0,0.0,0.0,0.0,0.0,0.0,0.0,0.0
46,boundary,Sentinel,5.0,0.0,0.0,0.0,0.0,0.0,0.0,0.0,0.0,0.0,0.0
46,icmp_chaos,Sentinel,67.25,0.0,0.0,0.0,0.0,0.0,0.0,0.0,166.25,0.0,0.0
