method,seed,scenario,span_rate,drop_std_in_group,severe_rate
span,42,strong,0.953125,0.19761515204949137,0.200439453125
span,42,polymorph,0.609375,0.2031891004251886,0.03662109375
span,43,strong,0.90625,0.16335768656901123,0.25634765625
span,43,polymorph,0.703125,0.16760030409676313,0.076416015625
span,44,strong,0.9375,0.19434994607330264,0.175048828125
span,44,polymorph,0.5625,0.1989350550025797,0.032470703125
span,45,strong,0.9375,0.19410787872425003,0.1513671875
span,45,polymorph,0.6875,0.2034461572680858,0.049560546875
span,46,strong,0.84375,0.18793857302597095,0.18359375
span,46,polymorph,0.609375,0.19115995540808847,0.05224609375
span,47,strong,0.890625,0.21333410139051062,0.22021484375
span,47,polymorph,0.5625,0.21610124479879284,0.04296875
span,48,strong,0.90625,0.17322267896909377,0.23193359375
span,48,polymorph,0.6875,0.17071766663681387,0.057373046875
span,49,strong,0.828125,0.1774736211041527,0.202392578125
span,49,polymorph,0.578125,0.17552546807503247,0.047119140625
span,50,strong,0.9375,0.1923652701253832,0.150390625
span,50,polymorph,0.703125,0.19181727340583604,0.0517578125
span,51,strong,0.78125,0.13388002846814395,0.117919921875
span,51,polymorph,0.3125,0.13391817235781117,0.02001953125
span_cgrpo,42,strong,0.734375,0.10388870917405287,0.137451171875
span_cgrpo,42,polymorph,0.296875,0.10128340480841794,0.026123046875
span_cgrpo,43,strong,0.71875,0.08138803470270678,0.190673828125
span_cgrpo,43,polymorph,0.4375,0.08184667228316095,0.053955078125
span_cgrpo,44,strong,0.921875,0.18741881177386202,0.2021484375
span_cgrpo,44,polymorph,0.578125,0.19625623029774214,0.045654296875
span_cgrpo,45,strong,1.0,0.267517028365379,0.4482421875
span_cgrpo,45,polymorph,0.828125,0.2630222562791259,0.099853515625
span_cgrpo,46,strong,0.75,0.09833860626852285,0.197998046875
span_cgrpo,46,polymorph,0.390625,0.09734592336003313,0.043701171875
span_cgrpo,47,strong,0.640625,0.08541233819410879,0.611572265625
span_cgrpo,47,polymorph,0.59375,0.0846234147899648,0.145263671875
span_cgrpo,48,strong,0.78125,0.13370505001683236,0.259033203125
span_cgrpo,48,polymorph,0.40625,0.1363160157607894,0.0380859375
span_cgrpo,49,strong,0.875,0.17667605918713722,0.159912109375
span_cgrpo,49,polymorph,0.484375,0.1793116450871471,0.030029296875
span_cgrpo,50,strong,0.796875,0.10698368401924044,0.214599609375
span_cgrpo,50,polymorph,0.59375,0.10699451446682909,0.04931640625
span_cgrpo,51,strong,0.59375,0.06347807853855254,0.194580078125
span_cgrpo,51,polymorph,0.3125,0.06338669502657207,0.059326171875
span_nosafe,42,strong,0.859375,0.13145014284560616,0.276611328125
span_nosafe,42,polymorph,0.5,0.13301718219536535,0.047607421875
span_nosafe,43,strong,1.0,0.19756639732134657,0.48388671875
span_nosafe,43,polymorph,0.828125,0.19558332895611658,0.11279296875
span_nosafe,44,strong,0.796875,0.11459919602590989,0.166259765625
span_nosafe,44,polymorph,0.390625,0.11438291144976076,0.0458984375
span_nosafe,45,strong,1.0,0.26321474722176863,0.458251953125
span_nosafe,45,polymorph,0.890625,0.26074238945767636,0.10595703125
span_nosafe,46,strong,0.84375,0.13266690010131538,0.2353515625
span_nosafe,46,polymorph,0.5625,0.12641147762535626,0.0576171875
span_nosafe,47,strong,0.921875,0.1218837956917457,0.669677734375
span_nosafe,47,polymorph,0.859375,0.12073222007679477,0.192138671875
span_nosafe,48,strong,0.875,0.12295799262546961,0.256591796875
span_nosafe,48,polymorph,0.453125,0.12103869840312316,0.051513671875
span_nosafe,49,strong,0.953125,0.14804279829911032,0.275390625
span_nosafe,49,polymorph,0.609375,0.14754654477687548,0.060546875
span_nosafe,50,strong,1.0,0.21750336064643683,0.39501953125
span_nosafe,50,polymorph,0.84375,0.21800292918931982,0.09423828125
span_nosafe,51,strong,1.0,0.1631260024432483,0.292724609375
span_nosafe,51,polymorph,0.71875,0.16181480869189407,0.064697265625
span_cgrpo_safe,42,strong,0.984375,0.20399300899713074,0.1591796875
span_cgrpo_safe,42,polymorph,0.484375,0.2127318919197796,0.03076171875
span_cgrpo_safe,43,strong,0.8125,0.1432915378591872,0.19189453125
span_cgrpo_safe,43,polymorph,0.578125,0.14782143034366943,0.064697265625
span_cgrpo_safe,44,strong,0.890625,0.23226252832771477,0.190185546875
span_cgrpo_safe,44,polymorph,0.578125,0.2323517630385007,0.034912109375
span_cgrpo_safe,45,strong,0.84375,0.1793846339782747,0.126953125
span_cgrpo_safe,45,polymorph,0.59375,0.19209311443449498,0.0400390625
span_cgrpo_safe,46,strong,0.8125,0.16830429889699233,0.15576171875
span_cgrpo_safe,46,polymorph,0.53125,0.17558497935620504,0.042236328125
span_cgrpo_safe,47,strong,0.796875,0.1913629072507319,0.2197265625
span_cgrpo_safe,47,polymorph,0.546875,0.19010832232549166,0.045654296875
span_cgrpo_safe,48,strong,0.90625,0.18867716027648496,0.239990234375
span_cgrpo_safe,48,polymorph,0.640625,0.19245024320303797,0.05224609375
span_cgrpo_safe,49,strong,0.84375,0.19191686764432414,0.144775390625
span_cgrpo_safe,49,polymorph,0.5625,0.18364388110992957,0.033447265625
span_cgrpo_safe,50,strong,0.765625,0.16505404408810964,0.11572265625
span_cgrpo_safe,50,polymorph,0.53125,0.1708315989601074,0.0322265625
span_cgrpo_safe,51,strong,0.828125,0.18380925867476183,0.19775390625
span_cgrpo_safe,51,polymorph,0.625,0.18005430960275431,0.046142578125
nscsd,42,strong,0.984375,0.20283379413372288,0.520263671875
nscsd,42,polymorph,0.84375,0.20380938881546512,0.12353515625
nscsd,43,strong,0.796875,0.1141658793926919,0.589111328125
nscsd,43,polymorph,0.8125,0.10299729879142433,0.193359375
nscsd,44,strong,0.359375,0.04625812113987876,0.739013671875
nscsd,44,polymorph,0.421875,0.04705011284942749,0.21142578125
nscsd,45,strong,0.40625,0.039739548820532745,0.787841796875
nscsd,45,polymorph,0.546875,0.03839851631065773,0.197021484375
nscsd,46,strong,0.296875,0.020229490042973485,0.744384765625
nscsd,46,polymorph,0.28125,0.02004944832501484,0.2236328125
nscsd,47,strong,0.890625,0.12801216452221387,0.44970703125
nscsd,47,polymorph,0.703125,0.1229587877732726,0.140380859375
nscsd,48,strong,0.296875,0.021860744585378976,0.77197265625
nscsd,48,polymorph,0.484375,0.02229589806757508,0.228515625
nscsd,49,strong,0.84375,0.02349721723078023,0.551513671875
nscsd,49,polymorph,0.796875,0.02458123126845344,0.14892578125
nscsd,50,strong,0.453125,0.020482218082414017,0.765869140625
nscsd,50,polymorph,0.453125,0.019982456598752887,0.235107421875
nscsd,51,strong,0.890625,0.17022391540014808,0.35595703125
nscsd,51,polymorph,0.84375,0.17029603172542152,0.08447265625
grpo_vanilla,42,strong,0.96875,0.17296603178681116,0.486328125
grpo_vanilla,42,polymorph,0.796875,0.1727505386233799,0.10009765625
grpo_vanilla,43,strong,0.3125,0.017233798899087195,0.83154296875
grpo_vanilla,43,polymorph,0.640625,0.017102038438656035,0.291015625
grpo_vanilla,44,strong,0.34375,0.013331725195451245,0.77880859375
grpo_vanilla,44,polymorph,0.46875,0.013317563761722882,0.235595703125
grpo_vanilla,45,strong,0.21875,0.014457499552683993,0.876220703125
grpo_vanilla,45,polymorph,0.375,0.014518569793657822,0.259521484375
grpo_vanilla,46,strong,1.0,0.14864649015787612,0.65185546875
grpo_vanilla,46,polymorph,0.875,0.1479049288241598,0.12109375
grpo_vanilla,47,strong,0.234375,0.008779867361141676,0.79833984375
grpo_vanilla,47,polymorph,0.625,0.009178127025584945,0.307861328125
grpo_vanilla,48,strong,0.484375,0.046654209598668575,0.792236328125
grpo_vanilla,48,polymorph,0.84375,0.047953168777199115,0.244140625
grpo_vanilla,49,strong,0.265625,0.008815667759192628,0.794921875
grpo_vanilla,49,polymorph,0.3125,0.008677411852118842,0.271484375
grpo_vanilla,50,strong,0.5,0.036976891401450204,0.81298828125
grpo_vanilla,50,polymorph,0.765625,0.03651271900185672,0.286376953125
grpo_vanilla,51,strong,0.328125,0.010923546680044319,0.7802734375
grpo_vanilla,51,polymorph,0.515625,0.010917357671383464,0.266845703125
ppo,42,strong,1.0,0.21805913045295372,0.401611328125
ppo,42,polymorph,0.875,0.2193679369555451,0.084228515625
ppo,43,strong,1.0,0.22183127216301962,0.281005859375
ppo,43,polymorph,0.90625,0.22415251936832592,0.0673828125
ppo,44,strong,1.0,0.21892898307538589,0.382080078125
ppo,44,polymorph,0.8125,0.21586937782631005,0.065673828125
ppo,45,strong,1.0,0.22361723327824362,0.30078125
ppo,45,polymorph,0.8125,0.2178803654851833,0.052734375
ppo,46,strong,1.0,0.22424069096229157,0.37548828125
ppo,46,polymorph,0.875,0.2238492558643023,0.06884765625
ppo,47,strong,1.0,0.22681686131816184,0.425537109375
ppo,47,polymorph,0.921875,0.22601747952915377,0.09765625
ppo,48,strong,1.0,0.21789798894465226,0.34521484375
ppo,48,polymorph,0.78125,0.2179010922786222,0.059326171875
ppo,49,strong,1.0,0.2312401833143857,0.351318359375
ppo,49,polymorph,0.921875,0.23324133782882162,0.08251953125
ppo,50,strong,1.0,0.21239060017911254,0.431884765625
ppo,50,polymorph,0.921875,0.21027324746591486,0.10107421875
ppo,51,strong,1.0,0.22623333537435536,0.37890625
ppo,51,polymorph,0.90625,0.22639038999944477,0.089599609375
Sentinel,42,strong,1.0,0.19455234608759892,0.5625
Sentinel,42,polymorph,0.9375,0.19799308695181073,0.12158203125
Sentinel,43,strong,1.0,0.22058814944392696,0.427734375
Sentinel,43,polymorph,0.921875,0.22190411662496362,0.09814453125
Sentinel,44,strong,1.0,0.21728055372549365,0.39404296875
Sentinel,44,polymorph,0.875,0.21684353508750592,0.075927734375
Sentinel,45,strong,1.0,0.22036502980312742,0.462646484375
Sentinel,45,polymorph,0.90625,0.2179415684097822,0.09912109375
Sentinel,46,strong,1.0,0.21792930886696157,0.49365234375
Sentinel,46,polymorph,0.9375,0.21795637330023426,0.10791015625
Sentinel,47,strong,1.0,0.21308654198710705,0.47998046875
Sentinel,47,polymorph,0.96875,0.21501587601762928,0.11767578125
Sentinel,48,strong,1.0,0.21841121636346222,0.464599609375
Sentinel,48,polymorph,0.84375,0.21871456839641756,0.101806640625
Sentinel,49,strong,1.0,0.2152061170171298,0.413330078125
Sentinel,49,polymorph,0.9375,0.2148890514068016,0.098388671875
Sentinel,50,strong,1.0,0.21775722777016127,0.468017578125
Sentinel,50,polymorph,0.953125,0.2240670341786562,0.13134765625
Sentinel,51,strong,1.0,0.2102226335320342,0.3291015625
Sentinel,51,polymorph,0.921875,0.20983609679378928,0.0830078125
