method,seed,scenario,straddle_rate,drop_std_in_group,severe_rate
straddle,42,strong,0.96875,0.19630045539461113,0.191650390625
straddle,42,polymorph,0.59375,0.2041409132406272,0.0400390625
straddle,43,strong,0.859375,0.16510087342736074,0.26513671875
straddle,43,polymorph,0.6875,0.16425304090596635,0.08056640625
straddle,44,strong,0.953125,0.20045181504878537,0.1904296875
straddle,44,polymorph,0.609375,0.1978909127370343,0.04150390625
straddle_nosafe,42,strong,0.890625,0.13119829784053214,0.282470703125
straddle_nosafe,42,polymorph,0.46875,0.13282717789541432,0.048095703125
straddle_nosafe,43,strong,0.984375,0.19528212734776385,0.4951171875
straddle_nosafe,43,polymorph,0.84375,0.19811984319480236,0.11181640625
straddle_nosafe,44,strong,0.734375,0.11379143546393064,0.16845703125
straddle_nosafe,44,polymorph,0.375,0.11502800345116426,0.04248046875
straddle_cgrpo,42,strong,0.75,0.1022350431696907,0.136962890625
straddle_cgrpo,42,polymorph,0.296875,0.10266635448982657,0.029296875
straddle_cgrpo,43,strong,0.703125,0.08232851385190193,0.19580078125
straddle_cgrpo,43,polymorph,0.46875,0.08195451196181572,0.0546875
straddle_cgrpo,44,strong,0.859375,0.18190016430131065,0.197265625
straddle_cgrpo,44,polymorph,0.59375,0.1939649914571138,0.042236328125
maxmc_only,42,strong,0.96875,0.15645408836404295,0.229248046875
maxmc_only,42,polymorph,0.59375,0.16286381095237612,0.047607421875
maxmc_only,43,strong,0.953125,0.12246001805134504,0.39990234375
maxmc_only,43,polymorph,0.59375,0.11508529950148111,0.09619140625
maxmc_only,44,strong,0.90625,0.15573226759936623,0.360595703125
maxmc_only,44,polymorph,0.609375,0.14615959411855345,0.08251953125
straddle_archive,42,strong,1.0,0.23023063246759679,0.252685546875
straddle_archive,42,polymorph,0.796875,0.23276639287398532,0.050048828125
straddle_archive,43,strong,0.96875,0.21809566489566887,0.314697265625
straddle_archive,43,polymorph,0.90625,0.2165282132644201,0.098876953125
straddle_archive,44,strong,1.0,0.22188072869750677,0.20166015625
straddle_archive,44,polymorph,0.65625,0.21390529295667837,0.048583984375
nscsd,42,strong,0.96875,0.2004120355696705,0.514404296875
nscsd,42,polymorph,0.796875,0.2066543561084152,0.11376953125
nscsd,43,strong,0.8125,0.11556343179819333,0.58740234375
nscsd,43,polymorph,0.859375,0.10475795830489804,0.199951171875
nscsd,44,strong,0.34375,0.0481225357295739,0.738525390625
nscsd,44,polymorph,0.359375,0.04696999540083193,0.209228515625
ppo,42,strong,1.0,0.21550460584952644,0.399169921875
ppo,42,polymorph,0.890625,0.21732182903117875,0.08740234375
ppo,43,strong,1.0,0.22303762303534552,0.29052734375
ppo,43,polymorph,0.875,0.2256692368996017,0.066162109375
ppo,44,strong,1.0,0.2227954114726885,0.383056640625
ppo,44,polymorph,0.8125,0.2173659344402901,0.065185546875
Sentinel,42,strong,1.0,0.19420812013605177,0.563232421875
Sentinel,42,polymorph,0.96875,0.19668961480400574,0.125244140625
Sentinel,43,strong,1.0,0.22002303743792884,0.4248046875
Sentinel,43,polymorph,0.96875,0.22095540088384563,0.09765625
Sentinel,44,strong,1.0,0.21578667449398606,0.405029296875
Sentinel,44,polymorph,0.90625,0.22018806318852685,0.072509765625
