defender,seed,intensity,quality,leakage,severe,degraded,sla_miss,benchmark,repairs
Sentinel,42,0.1,1.0,1.0,0.0,0.0,0.0,0.0,500.0
span_cgrpo,42,0.1,0.9974400355521013,0.9919616780752214,0.0,0.0,0.0,0.005478357476879858,438.5
span,42,0.1,0.9997639731210795,0.9990523073205837,0.0,0.0,0.0,0.0007116658004957532,500.0
Sentinel,42,0.2,0.9933052871828721,0.9900401879212953,0.0,0.0,0.0,0.0032650992615768093,247.25
span_cgrpo,42,0.2,0.9467524239576157,0.849795096719695,0.0,0.0,10.25,0.09695732723792072,27.0
span,42,0.2,0.9641801942065132,0.8922451198163218,0.0,0.0,1.5,0.07193507439019142,20.0
Sentinel,42,0.3,0.9595484669595594,0.9425299070477278,0.0,0.0,0.0,0.017018559911831654,5.0
span_cgrpo,42,0.3,0.9214971448961873,0.7824949076145241,0.0,0.0,149.75,0.13900223728166317,16.0
span,42,0.3,0.9357853181601297,0.8150452298710553,0.0,0.0,19.000000000000004,0.12074008828907434,13.25
Sentinel,42,0.4,0.9491527800574626,0.8912948869272688,0.0,0.0,5.500000000000001,0.05785789313019385,5.0
span_cgrpo,42,0.4,0.9090870837426556,0.7092560426440754,0.0,0.5,212.5,0.1995810410985802,7.0
span,42,0.4,0.9209648489858921,0.7429806664332193,0.0,0.0,153.25000000000003,0.1779841825526729,7.5
Sentinel,42,0.5,0.9017928065640113,0.8387667792084563,0.0,0.0,229.99999999999997,0.06302602735555496,5.0
span_cgrpo,42,0.5,0.905413344018642,0.8411778648144068,0.0,0.0,200.0,0.06423547920423522,5.0
span,42,0.5,0.9172764883261694,0.8826440426641208,0.0,0.0,100.24999999999999,0.034632445662048594,5.0
Sentinel,42,0.6,0.7788535305436024,0.8218552283248733,0.0,74.75,500.0,-0.08037669778127093,5.0
span_cgrpo,42,0.6,0.7873116416324881,0.8362639208330448,0.0,14.750000000000004,500.0,-0.05632727920055667,5.0
span,42,0.6,0.7948230362389834,0.8656174308224018,0.0,4.75,500.0,-0.07316939458341841,5.0
Sentinel,42,0.7,0.6924574553549092,0.7876703282557146,0.0,499.75,500.0,-0.3450878729008054,5.0
span_cgrpo,42,0.7,0.7004551662791985,0.8144706446738269,0.0,499.75,500.0,-0.36389047839462846,5.0
span,42,0.7,0.7066726996436976,0.8458097490948762,0.0,499.25,500.0,-0.38876204945117854,5.0
Sentinel,42,0.8,0.6186110926104662,0.7758480340432539,0.0,500.0,500.0,-0.40723694143278766,5.0
span_cgrpo,42,0.8,0.6251796002039381,0.7907285871841091,0.0,500.0,500.0,-0.41554898698017095,5.0
span,42,0.8,0.6296657084701496,0.820020193964974,0.0,500.0,500.0,-0.4403544854948245,5.0
Sentinel,42,0.86,0.5798158456274988,0.777884119507313,0.0,500.0,500.0,-0.4480682738798142,5.0
span_cgrpo,42,0.86,0.5887411585143193,0.8062452005666134,0.0,500.0,500.0,-0.4675040420522941,5.0
span,42,0.86,0.5922646158832238,0.8286752935937651,0.0,500.0,500.0,-0.48641067771054136,5.0
Sentinel,42,0.88,0.5697462022971754,0.7693286161261129,0.5,500.0,500.0,-0.4500824138289375,5.0
span_cgrpo,42,0.88,0.578461618467651,0.7990707209726075,1.25,500.0,500.0,-0.47185910250495644,5.0
span,42,0.88,0.5824984525691914,0.8247868963235068,0.0,500.0,500.0,-0.49228844375431535,5.0
Sentinel,42,0.9,0.5559581439246575,0.7784055311878778,1.9999999999999996,500.0,500.0,-0.47444738726322033,5.0
span_cgrpo,42,0.9,0.5665578691442137,0.810160190080429,1.5,500.0,500.0,-0.49510232093621537,5.0
span,42,0.9,0.5700940493020796,0.830042887885123,0.0,500.0,500.0,-0.5099488385830434,5.0
Sentinel,42,0.92,0.5435087787978985,0.7858176290645966,8.5,500.0,500.0,-0.5008088502666981,5.25
span_cgrpo,42,0.92,0.5541840009918454,0.8134863249166202,2.2500000000000004,500.0,500.0,-0.5115523239247748,5.0
span,42,0.92,0.5574124935813952,0.8325605860755747,1.0,500.0,500.0,-0.5261480924941795,5.25
Sentinel,42,0.94,0.5384163480068667,0.7618673895838829,11.25,500.0,500.0,-0.4847010415770162,5.0
span_cgrpo,42,0.94,0.5458019616725569,0.7923931316034559,6.0,500.0,500.0,-0.502591169930899,5.0
span,42,0.94,0.5483943808848502,0.8114195145308107,4.000000000000001,500.0,500.0,-0.5170251336459606,5.0
Sentinel,42,0.96,0.5288764787433204,0.7608523480266862,37.00000000000001,500.0,500.0,-0.5189758692833658,5.0
span_cgrpo,42,0.96,0.5384383502115438,0.7981708746310298,4.25,500.0,500.0,-0.5139825244194859,5.0
span,42,0.96,0.5408793487652049,0.8176215566673568,2.75,500.0,500.0,-0.5294922079021518,5.0
Sentinel,42,0.98,0.5168293843079326,0.7692040451178239,114.25,500.0,500.0,-0.6166246608098913,5.25
span_cgrpo,42,0.98,0.5255998952050762,0.7955579288098193,15.750000000000004,500.0,500.0,-0.5357080336047431,5.0
span,42,0.98,0.5290005477064826,0.819896657224285,9.250000000000002,500.0,500.0,-0.5501461095178023,5.0
Sentinel,42,1.0,0.5108298897031139,0.7548806443456585,150.50000000000003,500.0,500.0,-0.6445507546425446,5.0
span_cgrpo,42,1.0,0.5204188707944257,0.7853566945980366,20.5,500.0,500.0,-0.5354378238036108,5.0
span,42,1.0,0.5222836062105782,0.8027909320370055,14.000000000000002,500.0,500.0,-0.5445073258264272,5.0
Sentinel,43,0.1,1.0,1.0,0.0,0.0,0.0,0.0,500.0
span_cgrpo,43,0.1,0.997732399174885,0.9950311974491978,0.0,0.0,0.0,0.002701201725687219,497.75
span,43,0.1,0.9998276493996018,0.9992589128112396,0.0,0.0,0.0,0.0005687365883622064,500.0
Sentinel,43,0.2,0.9941203149298387,0.987918701628478,0.0,0.0,0.0,0.006201613301360709,262.5
span_cgrpo,43,0.2,0.9386643131453839,0.8333352568372829,0.0,0.0,17.250000000000004,0.10532905630810097,16.0
span,43,0.2,0.9676421616025728,0.9056037618955521,0.0,0.0,1.7500000000000002,0.06203839970702063,8.75
Sentinel,43,0.3,0.9699058635043217,0.9430864666283887,0.0,0.0,0.0,0.026819396875933044,5.0
span_cgrpo,43,0.3,0.915671524378338,0.7672057780757184,0.0,0.0,185.0,0.14846574630261955,11.25
span,43,0.3,0.9396605630459332,0.8251062323971627,0.0,0.0,16.750000000000004,0.11455433064877041,6.25
Sentinel,43,0.4,0.9546187059415414,0.923872755567041,0.0,0.0,0.0,0.030745950374500453,5.0
span_cgrpo,43,0.4,0.89674701838127,0.7393598218924844,0.0,0.0,263.99999999999994,0.15738719648878563,11.0
span,43,0.4,0.9151347788900213,0.7818518344464879,0.0,0.0,202.49999999999997,0.1332829444435334,5.5
Sentinel,43,0.5,0.9027261563325842,0.9037635265993982,0.0,0.0,221.0,-0.0010373702668139417,5.0
span_cgrpo,43,0.5,0.8995105163525927,0.8414092037041158,0.0,0.0,251.74999999999997,0.058101312648476955,5.0
span,43,0.5,0.9069422978695864,0.8474432057786873,0.0,1.0,188.75,0.0589990920908991,5.0
Sentinel,43,0.6,0.7834480762901505,0.8910075898999482,0.0,70.25,500.0,-0.14268451360979775,5.0
span_cgrpo,43,0.6,0.7818434996520978,0.8163407411529372,0.0,24.75,500.0,-0.046872241500839434,5.0
span,43,0.6,0.7872269901393023,0.8197470596167553,0.0,27.750000000000004,500.0,-0.046395069477453005,5.0
Sentinel,43,0.7,0.6886608195614542,0.8948370428184654,0.0,499.5,500.0,-0.45592622325701126,5.0
span_cgrpo,43,0.7,0.6944522977586199,0.8061606481097856,0.0,500.0,500.0,-0.36170835035116566,5.0
span,43,0.7,0.6982747047716182,0.806596666534162,0.0,499.5,500.0,-0.35807196176254374,5.0
Sentinel,43,0.8,0.6172369321953217,0.8849992571379127,0.0,500.0,500.0,-0.517762324942591,5.0
span_cgrpo,43,0.8,0.6199028971013216,0.8028563817004392,0.0,500.0,500.0,-0.43295348459911753,5.0
span,43,0.8,0.6232613350883884,0.8017097413329116,0.75,500.0,500.0,-0.4291984062445232,5.0
Sentinel,43,0.86,0.5839731975425817,0.8675680118405646,0.0,500.0,500.0,-0.533594814297983,5.0
span_cgrpo,43,0.86,0.5857207658859347,0.8056840125027549,1.0,500.0,500.0,-0.4709632466168202,5.0
span,43,0.86,0.5890232164620766,0.8056886105909229,1.25,500.0,500.0,-0.4679153941288463,5.0
Sentinel,43,0.88,0.5719334534395879,0.8700992974698701,0.0,500.0,500.0,-0.5481658440302822,5.0
span_cgrpo,43,0.88,0.5717318429762737,0.7757986870852693,1.25,500.0,500.0,-0.45531684410899564,5.0
span,43,0.88,0.5732364998221368,0.767617774016102,1.9999999999999996,500.0,500.0,-0.4463812741939652,5.0
Sentinel,43,0.9,0.5586661488301042,0.8788212567543073,0.0,500.0,500.0,-0.5701551079242031,5.0
span_cgrpo,43,0.9,0.5633508887509775,0.8190278492083254,2.0,500.0,500.0,-0.5076769604573479,5.0
span,43,0.9,0.5672320235650165,0.8208964270643492,2.0,500.0,500.0,-0.5056644034993327,5.0
Sentinel,43,0.92,0.5487752706822636,0.8755605581588408,0.0,500.0,500.0,-0.5767852874765772,5.0
span_cgrpo,43,0.92,0.5533370046220245,0.7937002808901579,4.0,500.0,500.0,-0.49436327626813337,5.0
span,43,0.92,0.5555382511769998,0.7919331967256339,3.5000000000000004,500.0,500.0,-0.48989494554863405,5.0
Sentinel,43,0.94,0.5395004639177889,0.8717244968231036,6.500000000000001,500.0,500.0,-0.5887240329053147,5.0
span_cgrpo,43,0.94,0.5406501277322625,0.773450392162778,6.0,500.0,500.0,-0.4888002644305155,5.0
span,43,0.94,0.5424586736205453,0.7710750356089472,6.750000000000001,500.0,500.0,-0.4853663619884019,5.0
Sentinel,43,0.96,0.527245320480844,0.882061665390081,80.0,500.0,500.0,-0.684816344909237,5.0
span_cgrpo,43,0.96,0.5311870936558463,0.7976800246028446,14.500000000000002,500.0,500.0,-0.5309929309469983,5.0
span,43,0.96,0.5340775926273256,0.7960794073583842,21.249999999999996,500.0,500.0,-0.5332518147310586,5.0
Sentinel,43,0.98,0.520455356787584,0.8703079781698377,126.24999999999997,500.0,500.0,-0.7261026213822537,5.0
span_cgrpo,43,0.98,0.522335169609183,0.7903265952333383,41.5,500.0,500.0,-0.5594914256241552,5.0
span,43,0.98,0.5248202159449138,0.7882025255954641,50.499999999999986,500.0,500.0,-0.5638823096505503,5.0
Sentinel,43,1.0,0.5151937500759481,0.8530293867746719,133.5,500.0,500.0,-0.7213356366987238,5.0
span_cgrpo,43,1.0,0.514787510335631,0.7638934891135307,75.25000000000001,500.0,500.0,-0.5743559787778998,5.0
span,43,1.0,0.5160794974803492,0.7537492621324021,75.0,500.0,500.0,-0.5626697646520529,5.0
Sentinel,44,0.1,1.0,1.0,0.0,0.0,0.0,0.0,500.0
span_cgrpo,44,0.1,0.9785998964373783,0.9388281795379617,0.0,0.0,0.0,0.03977171689941661,27.75
span,44,0.1,0.9997349236749683,0.9985965693333265,0.0,0.0,0.0,0.0011383543416417785,499.25
Sentinel,44,0.2,0.9927478898366667,0.9860051797016427,0.0,0.0,0.0,0.006742710135024033,304.25
span_cgrpo,44,0.2,0.9513721160589894,0.8791848813034449,0.0,0.0,20.75,0.07218723475554456,25.75
span,44,0.2,0.9782405669652678,0.9305372589428776,0.0,0.0,0.0,0.0477033080223902,16.5
Sentinel,44,0.3,0.9726116953493168,0.9346753610533236,0.0,0.0,0.0,0.03793633429599319,136.25
span_cgrpo,44,0.3,0.9371266952633734,0.8282995156634996,0.0,0.0,20.5,0.10882717959987387,11.5
span,44,0.3,0.9520394265950272,0.8516955563101348,0.0,0.0,7.75,0.10034387028489233,7.5
Sentinel,44,0.4,0.9614108259197547,0.9083068519978476,0.0,0.0,0.0,0.05310397392190713,139.5
span_cgrpo,44,0.4,0.9217599973654987,0.7962567166333174,0.0,0.0,152.5,0.1255032807321813,12.25
span,44,0.4,0.9296806576670855,0.7987845714664761,0.0,0.0,42.25,0.13089608620060944,7.25
Sentinel,44,0.5,0.9082060093163328,0.8881247207839467,0.0,0.0,184.49999999999997,0.02008128853238611,139.5
span_cgrpo,44,0.5,0.899370355750899,0.833077306034045,0.0,0.0,250.50000000000006,0.06629304971685401,5.0
span,44,0.5,0.9173809623269852,0.8796446097741729,0.0,0.0,106.75000000000001,0.03773635255281227,5.0
Sentinel,44,0.6,0.7892680461555159,0.8720406552736103,0.0,12.0,500.0,-0.08877260911809437,138.5
span_cgrpo,44,0.6,0.7845004224532799,0.8206386395299164,0.0,21.5,500.0,-0.04688821707663656,5.0
span,44,0.6,0.7957313646173315,0.8564696374632093,0.0,4.75,500.0,-0.06311327284587774,5.0
Sentinel,44,0.7,0.6951695202905686,0.8708252906455384,0.0,499.25,500.0,-0.4252807703549698,121.75
span_cgrpo,44,0.7,0.6931674041879089,0.8209570356339462,0.0,499.75,500.0,-0.3776646314460373,5.0
span,44,0.7,0.7031152477862623,0.8526525928062968,0.0,499.75,500.0,-0.3994123450200345,5.0
Sentinel,44,0.8,0.6226530631594491,0.8626183912938854,0.0,500.0,500.0,-0.4899653281344363,151.0
span_cgrpo,44,0.8,0.6203327976857831,0.8243261144535989,0.0,500.0,500.0,-0.45399331676781585,5.0
span,44,0.8,0.6262990859333716,0.8425966670572927,0.0,500.0,500.0,-0.46629758112392117,5.0
Sentinel,44,0.86,0.5871566234159409,0.8536525574765417,0.0,500.0,500.0,-0.5164959340606008,121.25
span_cgrpo,44,0.86,0.5862953733655304,0.8204469737133877,0.25,500.0,500.0,-0.4844016003478573,5.0
span,44,0.86,0.5896715227484036,0.8319529541242201,0.0,500.0,500.0,-0.4922814313758165,5.0
Sentinel,44,0.88,0.5773054162771716,0.8470029640644962,0.0,500.0,500.0,-0.5196975477873246,162.25
span_cgrpo,44,0.88,0.5746666539885371,0.7947088902428858,0.25,500.0,500.0,-0.4702922362543487,5.0
span,44,0.88,0.5801398691807079,0.8149650150848542,0.0,500.0,500.0,-0.48482514590414627,5.0
Sentinel,44,0.9,0.5652305630202368,0.8509683038257739,0.0,500.0,500.0,-0.5357377408055372,79.0
span_cgrpo,44,0.9,0.5678894216997369,0.8247661895270573,2.0,500.0,500.0,-0.5088767678273204,5.0
span,44,0.9,0.5719804822212944,0.8376006118604946,1.0,500.0,500.0,-0.5166201296392002,5.0
Sentinel,44,0.92,0.5553837182232149,0.8461125682117185,0.0,500.0,500.0,-0.5407288499885037,151.0
span_cgrpo,44,0.92,0.5556184018201747,0.8024047214019813,2.0,500.0,500.0,-0.4987863195818065,5.0
span,44,0.92,0.5600176352532933,0.8195659273115089,1.7500000000000002,500.0,500.0,-0.5112982920582156,5.0
Sentinel,44,0.94,0.5464152377066561,0.8405757926234845,0.5,500.0,500.0,-0.5446605549168284,132.0
span_cgrpo,44,0.94,0.5452367819659454,0.7899828151929882,6.25,500.0,500.0,-0.5009960332270428,5.0
span,44,0.94,0.5497498377980357,0.8085996913867206,5.25,500.0,500.0,-0.5140998535886849,5.0
Sentinel,44,0.96,0.5359739985449326,0.8428922638623814,5.5,500.0,500.0,-0.5624182653174488,135.5
span_cgrpo,44,0.96,0.5339610659310259,0.8028824868102665,8.000000000000002,500.0,500.0,-0.5269214208792407,5.0
span,44,0.96,0.5369870534177357,0.8129373042436636,5.5,500.0,500.0,-0.531450250825928,5.0
Sentinel,44,0.98,0.5280411992082005,0.8351688213479818,9.000000000000004,500.0,500.0,-0.5661276221397813,160.25
span_cgrpo,44,0.98,0.5287670880869564,0.7931464446365144,7.750000000000002,500.0,500.0,-0.5221293565495579,5.0
span,44,0.98,0.5318866328007503,0.8047333066140234,6.500000000000001,500.0,500.0,-0.529346673813273,5.0
Sentinel,44,1.0,0.515886820197403,0.8470304638731065,28.500000000000004,500.0,500.0,-0.6096436436757036,90.5
span_cgrpo,44,1.0,0.5165973785318202,0.8181423883419392,51.00000000000001,500.0,500.0,-0.602545009810119,5.0
span,44,1.0,0.5197443491548215,0.828248610999039,39.0,500.0,500.0,-0.5975042618442175,5.0
Sentinel,45,0.1,1.0,1.0,0.0,0.0,0.0,0.0,500.0
span_cgrpo,45,0.1,0.9972019926433037,0.9960254054218594,0.0,0.0,0.0,0.001176587221444314,500.0
span,45,0.1,0.9995795217088388,0.9983771323054981,0.0,0.0,0.0,0.00120238940334072,498.75
Sentinel,45,0.2,0.9930550720382454,0.9877975357713382,0.0,0.0,0.0,0.00525753626690717,254.0
span_cgrpo,45,0.2,0.9735675136954101,0.9539413604909532,0.0,0.0,0.0,0.01962615320445682,254.0
span,45,0.2,0.9724659052992447,0.9203952492171398,0.0,0.0,0.0,0.05207065608210493,7.5
Sentinel,45,0.3,0.9687591117505278,0.9377899033750794,0.0,0.0,0.0,0.030969208375448365,5.0
span_cgrpo,45,0.3,0.9436836890217926,0.885626804825133,0.0,0.0,92.5,0.05805688419665955,5.0
span,45,0.3,0.9549148435816376,0.8590748643101455,0.0,0.0,2.9999999999999996,0.09583997927149213,5.0
Sentinel,45,0.4,0.9458986333382144,0.934824130630228,0.0,0.0,0.0,0.011074502707986489,5.0
span_cgrpo,45,0.4,0.9310321539339501,0.8750585498517649,0.0,0.0,87.0,0.05597360408218521,5.0
span,45,0.4,0.9394435462125786,0.8400602196914535,0.0,0.0,9.5,0.09938332652112514,5.25
Sentinel,45,0.5,0.8937755796075166,0.9085936181936484,0.0,0.0,284.25,-0.014818038586131732,5.0
span_cgrpo,45,0.5,0.8925947852717435,0.8323357802386238,0.0,0.0,291.25000000000006,0.06025900503311976,5.0
span,45,0.5,0.9174549751068646,0.8821997724084584,0.0,0.0,110.75000000000001,0.03525520269840621,5.0
Sentinel,45,0.6,0.7754021981518757,0.8957201727102626,0.0,120.25000000000001,500.0,-0.1804429745583869,5.0
span_cgrpo,45,0.6,0.7783044230906742,0.8185906558653704,0.0,57.25,500.0,-0.06891123277469623,5.0
span,45,0.6,0.7987482021423864,0.8830290891574976,0.0,15.000000000000004,500.0,-0.09178088701511117,5.0
Sentinel,45,0.7,0.6861036445532147,0.8800209503732427,0.0,499.25,500.0,-0.44354230582002796,5.0
span_cgrpo,45,0.7,0.6905881814321799,0.8049301598725052,0.0,499.25,500.0,-0.3639669784403252,5.0
span,45,0.7,0.7078695119928143,0.863155473175585,0.0,499.25,500.0,-0.4049109611827707,5.0
Sentinel,45,0.8,0.6211094163211311,0.8464200720193654,0.0,500.0,500.0,-0.4753106556982343,5.0
span_cgrpo,45,0.8,0.6241181742911686,0.7818248539451906,0.0,500.0,500.0,-0.4077066796540221,5.0
span,45,0.8,0.6357490272921889,0.8415055616941783,0.0,500.0,500.0,-0.4557565344019895,5.0
Sentinel,45,0.86,0.5775561920552353,0.8692045085515098,0.0,500.0,500.0,-0.5416483164962744,5.0
span_cgrpo,45,0.86,0.5819281167484387,0.801955802599888,0.0,500.0,500.0,-0.4700276858514493,5.0
span,45,0.86,0.5958660655334189,0.8569632890362193,0.5,500.0,500.0,-0.5115972235028003,5.0
Sentinel,45,0.88,0.5665741253296548,0.866378030962047,0.0,500.0,500.0,-0.5498039056323922,5.0
span_cgrpo,45,0.88,0.5695267914926065,0.8055642684032713,0.0,500.0,500.0,-0.4860374769106648,5.0
span,45,0.88,0.585669314478489,0.8554155377887007,1.0,500.0,500.0,-0.5207462233102117,5.0
Sentinel,45,0.9,0.5548870458272385,0.8699511470599004,0.0,500.0,500.0,-0.5650641012326619,5.0
span_cgrpo,45,0.9,0.5595598740115139,0.8028608318696098,0.0,500.0,500.0,-0.4933009578580959,5.0
span,45,0.9,0.5742248643782517,0.8545079360855761,1.5,500.0,500.0,-0.5317830717073244,5.0
Sentinel,45,0.92,0.5435783526328964,0.8722225526227583,3.750000000000001,500.0,500.0,-0.5823941999898619,5.0
span_cgrpo,45,0.92,0.5478055340056096,0.8076836627672555,3.2500000000000004,500.0,500.0,-0.5131281287616458,5.0
span,45,0.92,0.5622324071455754,0.8542444898392733,1.25,500.0,500.0,-0.5432620826936978,5.0
Sentinel,45,0.94,0.5305636937857697,0.884671221454046,54.25000000000001,500.0,500.0,-0.6583575276682763,5.0
span_cgrpo,45,0.94,0.5371110751518458,0.8108674033760082,7.750000000000002,500.0,500.0,-0.5315063282241623,5.0
span,45,0.94,0.5524971758457159,0.8447518500429881,3.5000000000000004,500.0,500.0,-0.5457546741972723,5.0
Sentinel,45,0.96,0.5277625691152065,0.8537415189902469,100.75,500.0,500.0,-0.6767289498750404,5.0
span_cgrpo,45,0.96,0.531874965009122,0.7910498270496447,19.000000000000004,500.0,500.0,-0.5281748620405227,5.0
span,45,0.96,0.5424312429637328,0.8153170998985166,5.0,500.0,500.0,-0.5278858569347838,5.0
Sentinel,45,0.98,0.5164319341127046,0.8624749516161977,109.50000000000001,500.0,500.0,-0.7055430175034931,5.0
span_cgrpo,45,0.98,0.5185419826237337,0.8090672389879939,71.75,500.0,500.0,-0.6122752563642602,5.0
span,45,0.98,0.533538580782462,0.8443179590631322,11.500000000000002,500.0,500.0,-0.5722793782806703,5.0
Sentinel,45,1.0,0.5083669834343191,0.8565793441035969,175.75000000000003,500.0,500.0,-0.7739623606692778,5.0
span_cgrpo,45,1.0,0.5139855924584109,0.7880883485275507,120.74999999999999,500.0,500.0,-0.6448527560691397,5.0
span,45,1.0,0.5256088344164798,0.8375633962746761,24.75,500.0,500.0,-0.5867045618581963,5.0
Sentinel,46,0.1,0.9999639719078773,0.9999611483468251,0.0,0.0,0.0,2.823561052189838e-06,500.0
span_cgrpo,46,0.1,0.9858092153793999,0.9618043533366143,0.0,0.0,0.25,0.024004862042785624,78.25
span,46,0.1,0.9995250719913205,0.9978374916896963,0.0,0.0,0.0,0.001687580301624192,442.0
Sentinel,46,0.2,0.9862292637034757,0.9735401292879378,0.0,0.0,0.0,0.012689134415537984,253.0
span_cgrpo,46,0.2,0.9557001871765148,0.8750640698774964,0.0,0.0,6.250000000000001,0.08063611729901843,10.5
span,46,0.2,0.9668166909632634,0.9022997550357807,0.0,0.0,0.75,0.06451693592748264,12.0
Sentinel,46,0.3,0.9552352698918314,0.9315784272864583,0.0,0.0,0.0,0.02365684260537304,5.0
span_cgrpo,46,0.3,0.9382106974815786,0.8237110465863727,0.0,0.0,34.0,0.11449965089520586,7.0
span,46,0.3,0.9385018628112173,0.8269766964016881,0.0,0.0,13.000000000000002,0.11152516640952914,8.75
Sentinel,46,0.4,0.9457569169407165,0.9029975562737365,0.0,0.0,0.25,0.04275936066698005,5.0
span_cgrpo,46,0.4,0.9261573254825592,0.7831969317788404,0.0,0.0,51.75000000000001,0.14296039370371882,5.5
span,46,0.4,0.9176484935244413,0.7716581616421958,0.0,0.0,157.25,0.14599033188224553,7.25
Sentinel,46,0.5,0.8859760430639134,0.9043856066990432,0.0,0.0,326.25000000000006,-0.0184095636351298,5.0
span_cgrpo,46,0.5,0.8985431532052873,0.8457880161898592,0.0,0.25,244.00000000000006,0.05263013701542811,5.0
span,46,0.5,0.9136997209949301,0.8767677890152179,0.0,0.0,126.75,0.03693193197971223,5.0
Sentinel,46,0.6,0.7765343422435642,0.871398501330132,0.0,141.5,500.0,-0.16561415908656774,5.0
span_cgrpo,46,0.6,0.7874275609206116,0.8040582116099291,0.0,18.500000000000004,500.0,-0.025880650689317462,5.0
span,46,0.6,0.7986259430068472,0.8328224779977937,0.0,9.000000000000002,500.0,-0.03869653499094655,5.0
Sentinel,46,0.7,0.6803120358020033,0.8850662922862368,0.0,499.5,500.0,-0.45450425648423354,5.0
span_cgrpo,46,0.7,0.6912510694576676,0.8195019635094946,0.0,499.5,500.0,-0.378000894051827,5.0
span,46,0.7,0.701143649991557,0.8434758703930699,0.0,499.25000000000006,500.0,-0.391957220401513,5.0
Sentinel,46,0.8,0.6156264587260176,0.8553314881202045,0.0,500.0,500.0,-0.4897050293941869,5.0
span_cgrpo,46,0.8,0.6203019288131272,0.7901129938117627,0.0,500.0,500.0,-0.4198110649986355,5.0
span,46,0.8,0.6292825454698601,0.8146940139432133,0.0,500.0,500.0,-0.4354114684733532,5.0
Sentinel,46,0.86,0.5808603839663137,0.8459167135655671,0.0,500.0,500.0,-0.5150563295992534,5.0
span_cgrpo,46,0.86,0.584338456766228,0.8140725973257614,1.9999999999999996,500.0,500.0,-0.48173414055953345,5.0
span,46,0.86,0.5953327037009838,0.8385522688850683,1.7500000000000002,500.0,500.0,-0.4949695651840845,5.0
Sentinel,46,0.88,0.5640853201078005,0.8677663724864931,0.0,500.0,500.0,-0.5536810523786926,5.0
span_cgrpo,46,0.88,0.5705416046598921,0.799950984715431,1.0,500.0,500.0,-0.4804093800555389,5.0
span,46,0.88,0.5791487633206825,0.8224587386274187,0.75,500.0,500.0,-0.4940599753067362,5.0
Sentinel,46,0.9,0.5539844751159405,0.8641013320163706,0.0,500.0,500.0,-0.5601168569004301,5.0
span_cgrpo,46,0.9,0.5635656615317534,0.7818100519846716,1.5,500.0,500.0,-0.4697443904529182,5.0
span,46,0.9,0.570433838113904,0.8027651576742818,1.0,500.0,500.0,-0.4833313195603778,5.0
Sentinel,46,0.92,0.5512751711051903,0.8331741069559669,1.7500000000000002,500.0,500.0,-0.5336489358507766,5.0
span_cgrpo,46,0.92,0.5549387330971225,0.7832021882768192,1.7499999999999998,500.0,500.0,-0.48001345517969674,5.0
span,46,0.92,0.5644914131976652,0.8073351446108331,1.25,500.0,500.0,-0.4940937314131679,5.0
Sentinel,46,0.94,0.537170887564464,0.8481201776831444,43.75000000000001,500.0,500.0,-0.6046992901186805,5.0
span_cgrpo,46,0.94,0.5403917390398385,0.7840212774290786,11.750000000000002,500.0,500.0,-0.5053795383892401,5.0
span,46,0.94,0.5493035903201035,0.8068950786630413,4.0,500.0,500.0,-0.5115914883429379,5.0
Sentinel,46,0.96,0.5252705904728892,0.8567903154943289,116.74999999999999,500.0,500.0,-0.6982697250214398,5.0
span_cgrpo,46,0.96,0.5318890583012906,0.791336028491618,19.000000000000004,500.0,500.0,-0.5284469701903274,5.0
span,46,0.96,0.5390435461127406,0.8109004182191766,8.75,500.0,500.0,-0.5306068721064359,5.0
Sentinel,46,0.98,0.5140912481941412,0.8659470682070773,138.0,500.0,500.0,-0.7398558200129361,5.0
span_cgrpo,46,0.98,0.5221914547675091,0.8103714060745018,24.5,500.0,500.0,-0.5626799513069927,5.0
span,46,0.98,0.5302489910848374,0.8320346249554978,12.5,500.0,500.0,-0.5642856338706606,5.0
Sentinel,46,1.0,0.5104339573318908,0.840843166236583,166.25,500.0,500.0,-0.7466592089046922,5.0
span_cgrpo,46,1.0,0.5157565742535735,0.7711566403725594,63.75,500.0,500.0,-0.5691500661189859,5.0
span,46,1.0,0.5231813884808361,0.7938421392811612,43.0,500.0,500.0,-0.5636607508003251,5.0
Sentinel,47,0.1,0.999999904386349,0.9999998857710992,0.0,0.0,0.0,1.8615249786080312e-08,500.0
span_cgrpo,47,0.1,0.9972588684692347,0.9956849098036431,0.0,0.0,0.0,0.0015739586655916238,500.0
span,47,0.1,0.9988848074385949,0.9963113588552346,0.0,0.0,0.0,0.0025734485833602827,500.0
Sentinel,47,0.2,0.9885890627859866,0.9812876604599161,0.0,0.0,0.0,0.007301402326070461,249.5
span_cgrpo,47,0.2,0.9688655195378896,0.9232751862681319,0.0,0.0,17.0,0.0455903332697577,264.75
span,47,0.2,0.9656934456064932,0.9064213017057098,0.0,0.0,0.0,0.05927214390078339,18.5
Sentinel,47,0.3,0.9598107925462978,0.9395866156361586,0.0,0.0,0.0,0.020224176910139113,5.0
span_cgrpo,47,0.3,0.9212466098817179,0.8302521190847504,0.0,0.0,100.74999999999997,0.09099449079696753,8.75
span,47,0.3,0.940427845412351,0.8659566658465823,0.0,0.0,4.25,0.07447117956576876,5.75
Sentinel,47,0.4,0.946192157477042,0.9183071175000677,0.0,0.0,0.0,0.027885039976974335,5.0
span_cgrpo,47,0.4,0.9144748630556849,0.777585204619375,0.0,0.0,166.0,0.13688965843630996,7.5
span,47,0.4,0.9309787576864847,0.814226822030087,0.0,0.0,23.5,0.11675193565639774,5.25
Sentinel,47,0.5,0.8986634067354198,0.8860696759588764,0.0,0.0,240.50000000000003,0.012593730776543355,5.0
span_cgrpo,47,0.5,0.8719958733089191,0.7278369945721936,0.0,1.25,367.49999999999994,0.14353387873672552,7.0
span,47,0.5,0.9213722674735658,0.8882931690213921,0.0,0.0,77.75000000000001,0.033079098452173716,5.0
Sentinel,47,0.6,0.7773623641762242,0.8826451726428614,0.0,108.99999999999999,500.0,-0.15978280846663717,5.0
span_cgrpo,47,0.6,0.7510282335666998,0.731870332525041,0.0,241.5,500.0,-0.10159209895834118,5.5
span,47,0.6,0.7964243295627725,0.8743369150909415,0.0,3.0,500.0,-0.07941258552816893,5.0
Sentinel,47,0.7,0.6885917057949811,0.8673841218798175,0.0,499.5,500.0,-0.42854241608483645,5.0
span_cgrpo,47,0.7,0.666017320309607,0.7111526227932548,0.0,499.75,500.0,-0.2950103024836477,5.75
span,47,0.7,0.7032525153329567,0.8487750506163059,0.0,499.5,500.0,-0.39527253528334916,5.0
Sentinel,47,0.8,0.6099960137399478,0.8856589717497767,0.0,500.0,500.0,-0.5256629580098289,5.0
span_cgrpo,47,0.8,0.5908195901064592,0.7265108592936652,0.0,500.0,500.0,-0.385691269187206,5.5
span,47,0.8,0.6270158929066039,0.8509912433649418,0.0,500.0,500.0,-0.47397535045833794,5.0
Sentinel,47,0.86,0.5806553869253902,0.8556115173889246,0.0,500.0,500.0,-0.5249561304635344,5.0
span_cgrpo,47,0.86,0.5647272871752953,0.6861673584564167,7.000000000000001,500.0,500.0,-0.37844007128112145,5.0
span,47,0.86,0.5931973117181442,0.8200893688462996,0.0,500.0,500.0,-0.4768920571281554,5.0
Sentinel,47,0.88,0.5676187170954833,0.8624817492799141,0.0,500.0,500.0,-0.5448630321844308,5.0
span_cgrpo,47,0.88,0.5486392344401356,0.7054750032456101,8.749999999999998,500.0,500.0,-0.4155857688054745,5.25
span,47,0.88,0.5795237300391257,0.8314531502044741,0.0,500.0,500.0,-0.5019294201653484,5.0
Sentinel,47,0.9,0.5584351521923664,0.8541300259949971,0.0,500.0,500.0,-0.5456948738026307,5.0
span_cgrpo,47,0.9,0.5366911699784396,0.7088116605456825,40.99999999999999,500.0,500.0,-0.46312049056724286,5.25
span,47,0.9,0.5668688403613389,0.8279473550848484,0.25,500.0,500.0,-0.5113285147235095,5.0
Sentinel,47,0.92,0.5407579929957178,0.8843250458662171,2.2499999999999996,500.0,500.0,-0.5958170528704992,5.0
span_cgrpo,47,0.92,0.5243427879222071,0.7213082133767106,101.75,500.0,500.0,-0.5487154254545035,5.75
span,47,0.92,0.5552927964425398,0.8380419268535656,1.0,500.0,500.0,-0.5337491304110258,5.0
Sentinel,47,0.94,0.5352179689907499,0.8654121511699744,33.50000000000001,500.0,500.0,-0.6136941821792246,5.0
span_cgrpo,47,0.94,0.5168988153356298,0.710307234541785,141.50000000000003,500.0,500.0,-0.5849084192061553,5.0
span,47,0.94,0.5465013878597882,0.8309586273974737,1.5,500.0,500.0,-0.5359572395376855,5.0
Sentinel,47,0.96,0.5210089205597342,0.8850328763320523,140.0,500.0,500.0,-0.7540239557723181,5.0
span_cgrpo,47,0.96,0.505683887955523,0.7201434232647506,194.5,500.0,500.0,-0.6589595353092276,5.5
span,47,0.96,0.5362222806684087,0.8375406534840206,2.4999999999999996,500.0,500.0,-0.5538183728156119,5.0
Sentinel,47,0.98,0.5206012935920377,0.8443418430811865,106.74999999999999,500.0,500.0,-0.6804905494891489,5.0
span_cgrpo,47,0.98,0.503977263230395,0.6825294679704534,191.5,500.0,500.0,-0.6200522047400584,5.25
span,47,0.98,0.5297696133739862,0.8098849105601694,7.250000000000001,500.0,500.0,-0.5373652971861832,5.0
Sentinel,47,1.0,0.5069108710515433,0.8645599569823469,205.75000000000003,500.0,500.0,-0.8133990859308036,5.0
span_cgrpo,47,1.0,0.48927160560282745,0.7093959102736777,313.5,500.0,500.0,-0.7836243046708502,5.0
span,47,1.0,0.5168071977267225,0.823615422696348,50.25,500.0,500.0,-0.6070582249696256,5.0
Sentinel,48,0.1,0.9999983760960893,0.9999975191881457,0.0,0.0,0.0,8.569079436027138e-07,500.0
span_cgrpo,48,0.1,0.9979605299443417,0.9941296568986013,0.0,0.0,0.0,0.0038308730457403684,500.0
span,48,0.1,0.9996464317624477,0.9981124185764261,0.0,0.0,0.0,0.0015340131860216433,500.0
Sentinel,48,0.2,0.9880312684888711,0.9770303169069601,0.0,0.0,0.0,0.011000951581911056,255.0
span_cgrpo,48,0.2,0.9715171137182207,0.9206156032355105,0.0,0.0,1.5,0.05090151048271019,261.75
span,48,0.2,0.9809462960101859,0.9442868996717779,0.0,0.0,0.25,0.03665939633840798,260.25
Sentinel,48,0.3,0.9651925727121551,0.9173792056840744,0.0,0.0,0.0,0.0478133670280807,5.0
span_cgrpo,48,0.3,0.9345422933346041,0.7978737979334085,0.0,0.0,59.25000000000001,0.13666849540119563,6.0
span,48,0.3,0.940334702298489,0.8138602153798089,0.0,0.0,10.000000000000002,0.12647448691868013,7.0
Sentinel,48,0.4,0.9495488677998379,0.9033344218201839,0.0,0.0,0.0,0.04621444597965407,5.0
span_cgrpo,48,0.4,0.9265530203420969,0.7743514582554558,0.0,0.0,118.25000000000001,0.15220156208664104,5.25
span,48,0.4,0.9243237377257689,0.7672949451229988,0.0,0.0,123.25,0.15702879260277014,5.75
Sentinel,48,0.5,0.8890573496635168,0.9039175189486508,0.0,0.0,296.0,-0.014860169285134006,5.0
span_cgrpo,48,0.5,0.8928688553937029,0.8381707509345743,0.0,0.0,296.74999999999994,0.054698104459128594,5.0
span,48,0.5,0.9096606555839752,0.8699697888939811,0.0,0.0,174.25000000000003,0.03969086668999411,5.0
Sentinel,48,0.6,0.7772794250949763,0.8780004291040147,0.0,86.5,500.0,-0.1439710040090384,5.0
span_cgrpo,48,0.6,0.775920410491098,0.8278343969523027,0.0,89.25000000000001,500.0,-0.0965389864612047,5.0
span,48,0.6,0.7987050085620155,0.8673909676831985,0.0,14.250000000000002,500.0,-0.07581095912118292,5.0
Sentinel,48,0.7,0.682227458758288,0.8833364084374665,0.0,500.0,500.0,-0.4511089496791785,5.0
span_cgrpo,48,0.7,0.6873553466797164,0.8194908056172695,0.0,500.0,500.0,-0.3821354589375531,5.0
span,48,0.7,0.7019310340531717,0.8479530882999254,0.0,499.25,500.0,-0.3956470542467537,5.0
Sentinel,48,0.8,0.6165744936468862,0.8568184934556525,0.0,500.0,500.0,-0.4902439998087663,5.0
span_cgrpo,48,0.8,0.6230111968286681,0.7852582931653769,0.0,500.0,500.0,-0.41224709633670875,5.0
span,48,0.8,0.6302793772903698,0.8066321890344724,0.0,500.0,500.0,-0.42635281174410267,5.0
Sentinel,48,0.86,0.5793035229940093,0.8565443403916785,0.0,500.0,500.0,-0.5272408173976691,5.0
span_cgrpo,48,0.86,0.5807451558727545,0.8025521375485342,0.0,500.0,500.0,-0.4718069816757796,5.0
span,48,0.86,0.5933546353107543,0.8292711819822776,0.5,500.0,500.0,-0.4864165466715233,5.0
Sentinel,48,0.88,0.5668009065459849,0.8601822538585007,0.0,500.0,500.0,-0.5433813473125158,5.0
span_cgrpo,48,0.88,0.5729216459628913,0.7894535614465383,0.25,500.0,500.0,-0.466781915483647,5.0
span,48,0.88,0.5798917335465898,0.8052476282365395,1.9999999999999996,500.0,500.0,-0.47735589468994966,5.0
Sentinel,48,0.9,0.5541177149890224,0.8682308546909019,0.0,500.0,500.0,-0.5641131397018795,5.0
span_cgrpo,48,0.9,0.5604088015431601,0.797687960003644,0.5,500.0,500.0,-0.48777915846048386,5.0
span,48,0.9,0.5717516240336785,0.8124084087424108,1.5,500.0,500.0,-0.4921567847087323,5.0
Sentinel,48,0.92,0.5476839095696098,0.8523215820372888,1.7500000000000002,500.0,500.0,-0.5563876724676791,5.0
span_cgrpo,48,0.92,0.550262358494727,0.7895677637518896,1.7499999999999998,500.0,500.0,-0.4910554052571626,5.0
span,48,0.92,0.5574668192916369,0.7994696352865857,1.7499999999999998,500.0,500.0,-0.4937528159949488,5.0
Sentinel,48,0.94,0.537362091149191,0.850780946459396,46.5,500.0,500.0,-0.609918855310205,5.0
span_cgrpo,48,0.94,0.5422228518251846,0.7761811334147806,4.25,500.0,500.0,-0.48820828158959595,5.0
span,48,0.94,0.5468476603126399,0.7747029107774887,4.999999999999999,500.0,500.0,-0.4828552504648488,5.0
Sentinel,48,0.96,0.5253362053446854,0.861380187892989,115.5,500.0,500.0,-0.7015439825483036,5.0
span_cgrpo,48,0.96,0.5310004086852931,0.7959689848420076,15.250000000000004,500.0,500.0,-0.5302185761567145,5.0
span,48,0.96,0.5382530989514135,0.8142636531378077,8.500000000000002,500.0,500.0,-0.5345105541863941,5.0
Sentinel,48,0.98,0.515251074447297,0.8633318491031222,123.0,500.0,500.0,-0.7210807746558252,5.0
span_cgrpo,48,0.98,0.5186714205137025,0.8023662929144327,69.75,500.0,500.0,-0.6034448724007302,5.0
span,48,0.98,0.5293998469863522,0.8152598472256989,21.5,500.0,500.0,-0.5573600002393466,5.0
Sentinel,48,1.0,0.5053575412269382,0.8666437739363694,196.24999999999997,500.0,500.0,-0.8075362327094311,5.0
span_cgrpo,48,1.0,0.5145395014185887,0.7826959480186949,81.0,500.0,500.0,-0.5991564466001063,5.0
span,48,1.0,0.5168068034335447,0.7798930197349693,82.49999999999999,500.0,500.0,-0.5955862163014246,5.0
Sentinel,49,0.1,1.0,1.0,0.0,0.0,0.0,0.0,500.0
span_cgrpo,49,0.1,0.9989088884987144,0.9983523421855416,0.0,0.0,0.0,0.0005565463131728121,500.0
span,49,0.1,0.9997840863945177,0.9992139078318514,0.0,0.0,0.0,0.0005701785626662792,500.0
Sentinel,49,0.2,0.9891054666019367,0.9889074030033955,0.0,0.0,0.0,0.00019806359854113165,242.5
span_cgrpo,49,0.2,0.9462489449849606,0.8988455404637316,0.0,0.0,5.249999999999999,0.04740340452122904,12.25
span,49,0.2,0.9653972427922127,0.9284377441226465,0.0,0.0,1.0,0.03695949866956627,21.0
Sentinel,49,0.3,0.9590045393854476,0.9561138421666054,0.0,0.0,0.0,0.0028906972188421642,5.0
span_cgrpo,49,0.3,0.9413440994986987,0.8513376386280684,0.0,0.0,24.5,0.09000646087063024,8.25
span,49,0.3,0.9379785589512177,0.8451167885762579,0.0,0.0,18.750000000000004,0.0928617703749598,13.25
Sentinel,49,0.4,0.9498359100402753,0.9231875017026263,0.0,0.0,0.0,0.026648408337649032,5.0
span_cgrpo,49,0.4,0.9316832479298333,0.8145106023461943,0.0,0.0,43.25000000000001,0.11717264558363893,5.0
span,49,0.4,0.9191625811538889,0.7827674361209851,0.0,0.0,155.75,0.13639514503290384,6.25
Sentinel,49,0.5,0.8934436956416487,0.9119314542135643,0.0,0.0,279.5,-0.018487758571915536,5.0
span_cgrpo,49,0.5,0.9100923983790492,0.8973022007954172,0.0,0.0,152.99999999999997,0.01279019758363198,5.0
span,49,0.5,0.9118558331612393,0.8859895077134681,0.0,0.0,141.75,0.025866325447771232,5.0
Sentinel,49,0.6,0.7813580885445559,0.8832916010904217,0.0,84.99999999999999,500.0,-0.14443351254586578,5.0
span_cgrpo,49,0.6,0.7919756331159502,0.8636729081694139,0.0,5.0,500.0,-0.07419727505346368,5.0
span,49,0.6,0.7906890681491033,0.8410939518366461,0.0,7.000000000000001,500.0,-0.053904883687542815,5.0
Sentinel,49,0.7,0.6949480425998096,0.8600471758297459,0.0,500.0,500.0,-0.4150991332299363,5.0
span_cgrpo,49,0.7,0.7026917020774458,0.8585447666141303,0.0,499.75,500.0,-0.4057280645366844,5.0
span,49,0.7,0.701544376515537,0.825908504208336,0.0,499.5,500.0,-0.37411412769279895,5.0
Sentinel,49,0.8,0.6224843203867348,0.8528355488719997,0.0,500.0,500.0,-0.4803512284852649,5.0
span_cgrpo,49,0.8,0.6315751231250408,0.8318976335978479,0.0,500.0,500.0,-0.450322510472807,5.0
span,49,0.8,0.6284531784110892,0.7928395884126819,0.0,500.0,500.0,-0.4143864100015927,5.0
Sentinel,49,0.86,0.5743298967508738,0.8931528957269445,0.0,500.0,500.0,-0.5688229989760707,5.0
span_cgrpo,49,0.86,0.5945654940492334,0.849835080808876,0.0,500.0,500.0,-0.5052695867596426,5.0
span,49,0.86,0.5896401137538474,0.8092999095610403,0.25,500.0,500.0,-0.46990979580719283,5.0
Sentinel,49,0.88,0.566578271561674,0.8785921852825759,0.0,500.0,500.0,-0.5620139137209019,5.0
span_cgrpo,49,0.88,0.581060738112806,0.8563873377396213,0.25,500.0,500.0,-0.5255765996268152,5.0
span,49,0.88,0.5765609714580285,0.8190687503320906,1.5,500.0,500.0,-0.49400777887406205,5.0
Sentinel,49,0.9,0.5565381374626732,0.8739177258980136,0.0,500.0,500.0,-0.5673795884353404,5.0
span_cgrpo,49,0.9,0.5709396550516908,0.8529032083024465,0.5,500.0,500.0,-0.5324635532507558,5.0
span,49,0.9,0.5667331647084801,0.807935972394619,1.5,500.0,500.0,-0.4927028076861389,5.0
Sentinel,49,0.92,0.5450954525219589,0.8782467265081125,0.25,500.0,500.0,-0.5834012739861536,5.0
span_cgrpo,49,0.92,0.5617012306735433,0.8454648322028413,2.75,500.0,500.0,-0.536513601529298,5.0
span,49,0.92,0.5565654633603535,0.8064330172021352,3.5000000000000004,500.0,500.0,-0.5033675538417817,5.0
Sentinel,49,0.94,0.5367669242824007,0.8709597594364483,19.75,500.0,500.0,-0.6039428351540477,5.0
span_cgrpo,49,0.94,0.551275439373873,0.8593588855721552,1.7500000000000002,500.0,500.0,-0.5598334461982821,5.0
span,49,0.94,0.5474464220632019,0.8147520159528142,3.750000000000001,500.0,500.0,-0.5210555938896122,5.0
Sentinel,49,0.96,0.5257625975011073,0.8755490431834465,113.49999999999997,500.0,500.0,-0.7132864456823391,5.0
span_cgrpo,49,0.96,0.5403235319029236,0.8517255073643042,2.4999999999999996,500.0,500.0,-0.5639019754613805,5.0
span,49,0.96,0.5357224292065628,0.808466517194225,4.500000000000002,500.0,500.0,-0.5272440879876623,5.0
Sentinel,49,0.98,0.5157078610048822,0.878136840428985,104.00000000000001,500.0,500.0,-0.7164289794241028,5.0
span_cgrpo,49,0.98,0.5292174323420322,0.871084026590149,3.75,500.0,500.0,-0.5956165942481169,5.0
span,49,0.98,0.5237193271565067,0.8341458497343727,16.750000000000004,500.0,500.0,-0.577176522577866,5.0
Sentinel,49,1.0,0.5092983522459179,0.8664572020308734,165.75,500.0,500.0,-0.7729088497849554,5.0
span_cgrpo,49,1.0,0.5216715961822141,0.8479083492816579,13.000000000000002,500.0,500.0,-0.5892367530994438,5.0
span,49,1.0,0.5165659038272576,0.8047438564053984,37.75,500.0,500.0,-0.5759279525781407,5.0
Sentinel,50,0.1,0.999996210245298,0.9999941938077676,0.0,0.0,0.0,2.016437530394377e-06,500.0
span_cgrpo,50,0.1,0.9805227563726591,0.9366331638545657,0.0,0.0,0.25,0.04388959251809332,123.75
span,50,0.1,0.9991147199047978,0.9945154439797722,0.0,0.0,0.0,0.004599275925025625,500.0
Sentinel,50,0.2,0.9863319693497152,0.9805016924431385,0.0,0.0,0.0,0.005830276906576781,252.0
span_cgrpo,50,0.2,0.942281139465619,0.8497843031957627,0.0,0.0,12.5,0.09249683626985628,24.25
span,50,0.2,0.9843905567383399,0.9458617397452714,0.0,0.0,2.25,0.03852881699306843,11.0
Sentinel,50,0.3,0.9601378569687291,0.9320325072335163,0.0,0.0,0.0,0.028105349735212837,5.0
span_cgrpo,50,0.3,0.923773216027033,0.7758144032005301,0.0,0.0,153.50000000000003,0.14795881282650292,9.0
span,50,0.3,0.9666458235465919,0.8797205938625579,0.0,0.0,2.0,0.08692522968403404,5.5
Sentinel,50,0.4,0.9453243277991719,0.9166575144746277,0.0,0.0,0.0,0.028666813324544127,5.0
span_cgrpo,50,0.4,0.9021105318727047,0.7501553395161061,0.0,0.0,220.75000000000006,0.1519551923565986,5.75
span,50,0.4,0.9496986456011414,0.8580580101150856,0.0,0.0,8.75,0.09164063548605572,5.25
Sentinel,50,0.5,0.8934648459981341,0.8985968986976095,0.0,0.0,275.25,-0.005132052699475365,5.0
span_cgrpo,50,0.5,0.8909512345929235,0.8380052209826582,0.0,0.0,331.0,0.0529460136102653,5.0
span,50,0.5,0.9177199606169572,0.8887471623427612,0.0,0.0,107.00000000000001,0.028972798274195966,5.0
Sentinel,50,0.6,0.7740324193805682,0.8928452321522016,0.0,116.74999999999999,500.0,-0.17718781277163337,5.0
span_cgrpo,50,0.6,0.778009916417525,0.8371474708560731,0.0,27.000000000000007,500.0,-0.07263755443854807,5.25
span,50,0.6,0.8023244890198008,0.8896206596941891,0.0,5.500000000000001,500.0,-0.09004617067438833,5.0
Sentinel,50,0.7,0.6858594942939119,0.8783111048147102,0.0,499.5,500.0,-0.4422016105207983,5.0
span_cgrpo,50,0.7,0.6888741444726705,0.8204936371393986,0.0,499.75,500.0,-0.3814944926667281,5.0
span,50,0.7,0.7073276125350014,0.8622491179731269,0.0,498.24999999999994,500.0,-0.4040465054381254,5.0
Sentinel,50,0.8,0.6074858423617864,0.8978070429746079,0.0,500.0,500.0,-0.5403212006128215,5.0
span_cgrpo,50,0.8,0.617690734627532,0.8144778067527833,0.0,500.0,500.0,-0.44678707212525126,5.0
span,50,0.8,0.6315721857757951,0.8465948899786582,0.0,500.0,500.0,-0.46502270420286307,5.0
Sentinel,50,0.86,0.5778232314993124,0.8708425529781714,0.0,500.0,500.0,-0.543019321478859,5.0
span_cgrpo,50,0.86,0.5844874468991539,0.8178931727977752,0.25,500.0,500.0,-0.48365572589862127,5.0
span,50,0.86,0.600103505797059,0.8556885927186538,0.25,500.0,500.0,-0.5058350869215948,5.0
Sentinel,50,0.88,0.5697368924401156,0.8561555209783464,0.0,500.0,500.0,-0.5364186285382307,5.0
span_cgrpo,50,0.88,0.572890307709188,0.804369222558103,0.75,500.0,500.0,-0.48222891484891495,5.0
span,50,0.88,0.5868298186017349,0.836253262787866,0.75,500.0,500.0,-0.5001734441861312,5.0
Sentinel,50,0.9,0.5557191720312245,0.8695314269947895,0.0,500.0,500.0,-0.563812254963565,5.0
span_cgrpo,50,0.9,0.560079893148158,0.8045865959315576,1.5,500.0,500.0,-0.4960067027833996,5.0
span,50,0.9,0.5715901995032227,0.8324530659510329,1.5,500.0,500.0,-0.5123628664478102,5.0
Sentinel,50,0.92,0.5446025874720573,0.8722735276941345,1.5,500.0,500.0,-0.5791709402220773,5.0
span_cgrpo,50,0.92,0.5509313871624967,0.8080100349910964,3.2500000000000004,500.0,500.0,-0.5103286478285997,5.0
span,50,0.92,0.5631838628649164,0.8371451412393671,2.4999999999999996,500.0,500.0,-0.5264612783744507,5.0
Sentinel,50,0.94,0.5387581902724217,0.8530417214504329,23.5,500.0,500.0,-0.5877835311780113,5.0
span_cgrpo,50,0.94,0.5423895310088321,0.7814420574176325,3.5000000000000004,500.0,500.0,-0.4925525264088004,5.0
span,50,0.94,0.5519799858498232,0.8077054326907804,2.75,500.0,500.0,-0.5084754468409571,5.0
Sentinel,50,0.96,0.5231236287042145,0.8792300640187352,130.25000000000003,500.0,500.0,-0.7363564353145207,5.0
span_cgrpo,50,0.96,0.5305589467674634,0.806572684486149,6.0,500.0,500.0,-0.5320137377186857,5.0
span,50,0.96,0.5416494905524696,0.8321082755474096,3.4999999999999996,500.0,500.0,-0.5439587849949401,5.0
Sentinel,50,0.98,0.5170387474451752,0.864699637768017,157.24999999999997,500.0,500.0,-0.7549108903228418,5.0
span_cgrpo,50,0.98,0.5234596475730862,0.7841917083735245,21.25,500.0,500.0,-0.5319820608004383,5.0
span,50,0.98,0.5323893292695048,0.8062644624071105,23.5,500.0,500.0,-0.5473751331376058,5.0
Sentinel,50,1.0,0.5081811361230855,0.8628679480586972,195.0,500.0,500.0,-0.7996868119356118,5.0
span_cgrpo,50,1.0,0.5161806817348124,0.7816769523749352,36.25000000000001,500.0,500.0,-0.5517462706401228,5.0
span,50,1.0,0.525203411339347,0.8058956869590898,18.5,500.0,500.0,-0.5491922756197427,5.0
Sentinel,51,0.1,1.0,1.0,0.0,0.0,0.0,0.0,500.0
span_cgrpo,51,0.1,0.9974618819686081,0.9916118495966841,0.0,0.0,0.0,0.005850032371923941,500.0
span,51,0.1,0.9995345856287393,0.9975064236425959,0.0,0.0,0.0,0.0020281619861434175,500.0
Sentinel,51,0.2,0.9936139560025795,0.9880791126367615,0.0,0.0,0.0,0.0055348433658179985,311.25
span_cgrpo,51,0.2,0.9393596883228863,0.8401023485539827,0.0,0.0,38.50000000000001,0.09925733976890361,26.5
span,51,0.2,0.962932442040384,0.8960576738788228,0.0,0.0,1.25,0.06687476816156113,17.75
Sentinel,51,0.3,0.9751921788020905,0.9451980303178473,0.0,0.0,0.0,0.0299941484842432,108.75
span_cgrpo,51,0.3,0.913971411198762,0.7927804056038494,0.0,0.0,147.25,0.12119100559491258,24.0
span,51,0.3,0.934515030455436,0.8327981022413219,0.0,0.0,20.749999999999996,0.10171692821411416,13.0
Sentinel,51,0.4,0.9652000847457621,0.9251382169157523,0.0,0.0,0.0,0.04006186783000987,131.0
span_cgrpo,51,0.4,0.900112363996287,0.7434817330355397,0.0,1.5,275.0,0.15588063096074736,7.75
span,51,0.4,0.9158461576715796,0.7814078186275764,0.0,0.0,169.25,0.13443833904400326,5.5
Sentinel,51,0.5,0.9164355894156303,0.9050004191508523,0.0,0.0,100.0,0.011435170264778027,185.25
span_cgrpo,51,0.5,0.8956202022768647,0.8045055357918157,0.0,1.7500000000000002,245.5,0.09023966648504896,11.5
span,51,0.5,0.9151314773020566,0.8784291223234263,0.0,0.0,118.75000000000003,0.03670235497863028,5.0
Sentinel,51,0.6,0.7941519201619006,0.9030340651123927,0.0,1.25,500.0,-0.10950714495049209,117.5
span_cgrpo,51,0.6,0.7801151107154572,0.8277830129367549,0.0,56.50000000000001,500.0,-0.07591790222129768,9.0
span,51,0.6,0.793237777299036,0.877633073313528,0.0,4.500000000000001,500.0,-0.08664529601449203,5.0
Sentinel,51,0.7,0.7046594125694572,0.8872870516967462,0.0,499.5,500.0,-0.432377639127289,131.5
span_cgrpo,51,0.7,0.6931995452519425,0.8031790314246372,0.0,499.75,500.0,-0.35985448617269467,11.5
span,51,0.7,0.7036457808450007,0.8552275630910628,0.0,499.75,500.0,-0.40145678224606207,5.0
Sentinel,51,0.8,0.6308928286350171,0.8818656995161834,0.0,500.0,500.0,-0.5009728708811664,115.5
span_cgrpo,51,0.8,0.6224177370815942,0.8056871256316489,0.5,500.0,500.0,-0.4337693885500547,9.25
span,51,0.8,0.6300993286908637,0.8501895962856857,0.0,500.0,500.0,-0.470090267594822,5.0
Sentinel,51,0.86,0.5965636604549411,0.8696811312114701,0.0,500.0,500.0,-0.5231174707565289,204.25
span_cgrpo,51,0.86,0.5818011633327507,0.7483752120538562,1.7499999999999998,500.0,500.0,-0.4183240487211055,11.75
span,51,0.86,0.5922597848935404,0.8214445700039578,0.0,500.0,500.0,-0.4791847851104174,5.0
Sentinel,51,0.88,0.5861179654584351,0.8630336509775214,0.0,500.0,500.0,-0.5269156855190863,155.75
span_cgrpo,51,0.88,0.5758624075191264,0.7571541526961945,3.2500000000000004,500.0,500.0,-0.434541745177068,12.5
span,51,0.88,0.5837317538345416,0.8153444658773287,0.0,500.0,500.0,-0.4816127120427871,5.0
Sentinel,51,0.9,0.5735335103714612,0.8689712096097691,0.0,500.0,500.0,-0.545437699238308,115.75
span_cgrpo,51,0.9,0.5648038059424823,0.7808631692283068,1.7499999999999998,500.0,500.0,-0.46780936328582456,10.25
span,51,0.9,0.5717666171324522,0.826238034364381,0.25,500.0,500.0,-0.5047214172319288,5.0
Sentinel,51,0.92,0.5619480684950844,0.8726788176462215,0.0,500.0,500.0,-0.5607307491511371,130.25
span_cgrpo,51,0.92,0.5540854859890836,0.7850281530187473,5.75,500.0,500.0,-0.48669266702966374,10.25
span,51,0.92,0.5602186736693557,0.8335971017005921,0.75,500.0,500.0,-0.5241284280312364,5.0
Sentinel,51,0.94,0.5500878556489381,0.8782382958316088,0.0,500.0,500.0,-0.5781504401826707,84.5
span_cgrpo,51,0.94,0.5457178726841072,0.8140264106686853,6.0,500.0,500.0,-0.5243085379845781,8.5
span,51,0.94,0.5498372637994409,0.8471060194833615,0.75,500.0,500.0,-0.5480187556839207,5.0
Sentinel,51,0.96,0.5402810023569311,0.8779046693957412,0.25,500.0,500.0,-0.58787366703881,103.75
span_cgrpo,51,0.96,0.5330283992114169,0.8024669028098137,22.250000000000004,500.0,500.0,-0.5416885035983968,9.5
span,51,0.96,0.5389319612336229,0.8409594088174389,4.0,500.0,500.0,-0.5560274475838161,5.0
Sentinel,51,0.98,0.5337427829464454,0.8638773079965059,1.5,500.0,500.0,-0.5816345250500605,154.25
span_cgrpo,51,0.98,0.5241254632596706,0.7623897919899877,50.0,500.0,500.0,-0.538264328730317,12.5
span,51,0.98,0.5311793021629864,0.8171848681525177,5.0,500.0,500.0,-0.5410055659895313,5.0
Sentinel,51,1.0,0.5251456577054785,0.8604993489851273,10.000000000000002,500.0,500.0,-0.5953536912796488,132.75
span_cgrpo,51,1.0,0.5183989792598515,0.7637581963463334,69.49999999999999,500.0,500.0,-0.5648592170864819,9.5
span,51,1.0,0.5242775323905577,0.8119052644361787,11.750000000000002,500.0,500.0,-0.549377732045621,5.0
