seed,scenario,severe_policy,severe_safe,cd_policy,cd_safe,leak_policy,leak_safe,ep_more,ep_fewer,win_cd_higher
42,benign,0.0,0.0,0.0,0.0,0.0,0.0,0.0,0.0,0.0
42,mild,0.0,0.0,0.022798253811147032,0.0017515134103842137,0.9384641432039622,0.996430136467955,0.0,0.0,0.0
42,strong,10.25,0.75,0.06054420944218035,0.02885210693964694,0.8122626563693723,0.9147379218111855,0.0,0.6,0.0
42,chaos,12.750000000000002,9.75,0.039947684806635936,0.016013919622166216,0.8590192733405659,0.9475629870381204,0.0,0.35,0.0
42,icmp,22.75,0.25,0.05889960710518698,0.0460543491570674,0.6868290555952634,0.7563781374180232,0.0,0.7,0.0
42,pulse,9.250000000000002,0.0,0.026937588129513874,0.013184987219746452,0.865947375223145,0.9357686597321025,0.0,0.7,0.0
42,polymorph,11.750000000000002,0.0,0.07482693026854413,0.03245515075268009,0.9008600696537179,0.9568498351802723,0.0,0.9,0.0
42,boundary,0.0,0.0,0.06106378064863549,0.017950203299494028,0.8184216551576758,0.9496725402485439,0.0,0.0,0.0
42,icmp_chaos,21.5,19.500000000000004,0.05138896426341409,0.029529043829585135,0.7953271052733516,0.8712037530511403,0.0,0.3,0.0
43,benign,0.0,0.0,0.0,0.0,0.0,0.0,0.0,0.0,0.0
43,mild,0.0,0.0,0.01423631174555729,0.0010715140491245995,0.948799224985456,0.994061854174829,0.0,0.0,0.0
43,strong,48.25,0.75,0.06607314254899385,0.027603422905767682,0.8000547969771439,0.919439333625269,0.0,0.9,0.0
43,chaos,10.75,7.500000000000002,0.04584040605824512,0.01667465675891665,0.8682103891580317,0.9578703536456796,0.0,0.4,0.0
43,icmp,32.5,0.5,0.0592555775043908,0.044875239725915755,0.6720094362374134,0.7520905988385646,0.0,0.7,0.0
43,pulse,27.000000000000004,0.75,0.029524229492040747,0.013135203447928965,0.8275053393548353,0.9249936170263793,0.0,0.9,0.0
43,polymorph,23.500000000000004,0.75,0.09124691017051004,0.035432820205678825,0.871013236456414,0.950269527542004,0.0,0.95,0.0
43,boundary,0.0,0.0,0.06546121497564275,0.01786055199588638,0.7927201923094358,0.9423478755247169,0.0,0.0,0.0
43,icmp_chaos,19.0,16.500000000000004,0.05776275659411868,0.03108720851476171,0.7669586896741306,0.8661349728560426,0.0,0.4,0.0
44,benign,0.0,0.0,0.0,0.0,0.0,0.0,0.0,0.0,0.0
44,mild,0.0,0.0,0.015552351107420781,0.001910905738158692,0.948767912382554,0.9932736778289215,0.0,0.0,0.0
44,strong,32.75,1.25,0.06541765194117849,0.03321658293478321,0.8179999968794155,0.9095095063677345,0.0,0.9,0.0
44,chaos,13.250000000000002,11.0,0.043328705231757816,0.01728840699578188,0.8520790372130044,0.9418342741408562,0.0,0.35,0.0
44,icmp,76.99999999999999,2.0,0.06555986347639946,0.049456805759290685,0.6849060135721364,0.7619571700961574,0.0,1.0,0.0
44,pulse,16.749999999999996,1.25,0.027572911068152083,0.015067011011734608,0.8449693971683441,0.9165998925203415,0.0,0.8,0.0
44,polymorph,14.250000000000004,0.5,0.07824216621844192,0.03711453118971879,0.8909670619804053,0.9486263704227452,0.0,1.0,0.0
44,boundary,0.0,0.0,0.05690160214716559,0.020221294812784008,0.8449769011159523,0.9448719975214134,0.0,0.0,0.0
44,icmp_chaos,17.750000000000007,14.250000000000002,0.04407892205589004,0.027888146180868174,0.7650196725757882,0.8512868081107101,0.0,0.3,0.0
45,benign,0.0,0.0,0.0,0.0,0.0,0.0,0.0,0.0,0.0
45,mild,0.0,0.0,0.016631198194035992,0.0009525233990827673,0.9514408030863046,0.9973650233554233,0.0,0.0,0.0
45,strong,48.75,0.5,0.058193018249039816,0.024818480260037478,0.8273575703552384,0.929480449109246,0.0,0.8,0.0
45,chaos,9.000000000000002,6.500000000000001,0.037812597883380636,0.013131237966526293,0.888568636780953,0.960960639469835,0.0,0.35,0.0
45,icmp,1.7500000000000002,0.25,0.05395952946771967,0.05042346056137361,0.7505431021112947,0.7679685930929543,0.0,0.25,0.0
45,pulse,21.25,0.5,0.024281371040537326,0.01076801216380957,0.8447389869164403,0.9347285241783132,0.0,0.75,0.0
45,polymorph,14.500000000000002,1.0,0.07341274725707561,0.028241113913380946,0.8947621276455144,0.9591199116338027,0.0,0.9,0.0
45,boundary,0.0,0.0,0.04938195245484843,0.011828966462838163,0.848175283945251,0.95968843255764,0.0,0.0,0.0
45,icmp_chaos,19.000000000000004,15.250000000000004,0.04442564594208729,0.02455876827556173,0.8253451440320975,0.8935489221055268,0.0,0.55,0.0
46,benign,0.0,0.0,0.0,0.0,0.0,0.0,0.0,0.0,0.0
46,mild,0.0,0.0,0.02424980921715917,0.0010111686085668005,0.9201697461434085,0.9975865496727891,0.0,0.0,0.0
46,strong,26.250000000000004,0.25,0.06349133318902107,0.023494795050525784,0.8418798321918441,0.9409584601478563,0.0,0.9,0.0
46,chaos,10.0,8.5,0.03764465611324343,0.01130727294411431,0.8714551069507326,0.9637693866833636,0.0,0.15,0.0
46,icmp,1.0,0.25,0.04851512143850005,0.04361811612427415,0.7231100941285639,0.7512952875568888,0.0,0.1,0.0
46,pulse,30.500000000000007,0.0,0.027139029277096098,0.010152422963918498,0.8513871405716078,0.9448154600204612,0.0,0.75,0.0
46,polymorph,13.000000000000002,1.25,0.0770247002087583,0.025829650402210764,0.8887883482074719,0.9632991845272217,0.0,1.0,0.0
46,boundary,0.0,0.0,0.056621638582419774,0.011127131058634965,0.8103902007249835,0.9644423609813833,0.0,0.0,0.0
46,icmp_chaos,22.250000000000004,16.500000000000004,0.04307284654599957,0.02431161886874256,0.812462345388458,0.8801904408795286,0.0,0.35,0.0
47,benign,0.0,0.0,0.0,0.0,0.0,0.0,0.0,0.0,0.0
47,mild,0.0,0.0,0.019916202976433157,0.0007760301597374433,0.9466385848665027,0.9968253871281458,0.0,0.0,0.0
47,strong,59.0,0.0,0.06908468133178731,0.030520952152804242,0.8268242564551509,0.9242481446628741,0.0,1.0,0.0
47,chaos,10.25,8.499999999999998,0.03948349803834135,0.01331202170059131,0.8817559223124943,0.960217103156997,0.0,0.25,0.0
47,icmp,0.0,0.0,0.04698231923207709,0.046938673177726736,0.7584983424684835,0.7587191895843489,0.0,0.0,0.0
47,pulse,17.000000000000004,0.5,0.031826638679401484,0.015183545090472572,0.8562289863677057,0.9339911730239014,0.0,0.95,0.0
47,polymorph,8.75,0.0,0.07615408504415397,0.03039887616551056,0.8979832237593264,0.959295029964415,0.0,0.7,0.0
47,boundary,0.0,0.0,0.05448369400694254,0.011925313227542056,0.8558148010561915,0.9679455860655901,0.0,0.0,0.0
47,icmp_chaos,18.75,17.750000000000004,0.0455402798815976,0.03223715800444919,0.8221016132011117,0.868733836131797,0.0,0.2,0.0
48,benign,0.0,0.0,0.0,0.0,0.0,0.0,0.0,0.0,0.0
48,mild,0.0,0.0,0.01972377944237131,0.0016115380903015599,0.9414258655722456,0.9965109437114228,0.0,0.0,0.0
48,strong,74.49999999999999,1.25,0.06865415226058527,0.02862196890094108,0.7870698101760476,0.911260507604449,0.0,0.9,0.0
48,chaos,9.25,7.250000000000001,0.03420230707342908,0.012678503330207327,0.8726313014264461,0.9550593714538567,0.0,0.35,0.0
48,icmp,19.5,0.25,0.055885671691914086,0.04498756446146378,0.6914252224456889,0.7543403450226905,0.0,0.7,0.0
48,pulse,9.500000000000002,0.25,0.0234118710889073,0.01046510461849874,0.850771166025071,0.9365144835498473,0.0,0.6,0.0
48,polymorph,21.0,0.0,0.08718669454173777,0.03274829505566258,0.8712104306998562,0.9519333788935876,0.0,1.0,0.0
48,boundary,0.0,0.0,0.06104267075838575,0.014132030356080422,0.8367746525162859,0.9629545262706977,0.0,0.0,0.0
48,icmp_chaos,25.250000000000004,18.750000000000004,0.05520834305274368,0.032100340023675546,0.7814560894208246,0.8669651588505308,0.0,0.7,0.0
49,benign,0.0,0.0,0.0,0.0,0.0,0.0,0.0,0.0,0.0
49,mild,0.0,0.0,0.020662561923367673,0.0002994628417929263,0.9313456370337901,0.9979381414355066,0.0,0.0,0.0
49,strong,49.50000000000001,0.5,0.06866475752935493,0.02369256398200158,0.7714382589725896,0.9221222943102789,0.0,0.95,0.0
49,chaos,12.5,7.000000000000001,0.0349027982418464,0.009823033490063682,0.8133629482492377,0.918894616954024,0.0,0.6,0.0
49,icmp,25.000000000000004,0.5,0.05502643775268269,0.041900077737066194,0.6652771613592594,0.7468524186613255,0.0,0.65,0.0
49,pulse,10.5,0.0,0.028423218015250516,0.010566486872520355,0.8249926424647054,0.93863723414552,0.0,0.85,0.0
49,polymorph,13.750000000000004,0.0,0.08328722782593238,0.02594339401284112,0.8820448687451028,0.9629049686665597,0.0,1.0,0.0
49,boundary,0.0,0.0,0.06742163563747706,0.0101485515980215,0.8120393803997142,0.9684278900354014,0.0,0.0,0.0
49,icmp_chaos,20.25,18.750000000000007,0.048916113977070234,0.02505326314618055,0.7833219808023709,0.8779801633894442,0.0,0.25,0.0
50,benign,0.0,0.0,0.0,0.0,0.0,0.0,0.0,0.0,0.0
50,mild,0.0,0.0,0.008606389268095007,0.0005149428226704772,0.9594570787727422,0.9943256951136922,0.0,0.0,0.0
50,strong,22.25,0.75,0.055002981319041334,0.026077280793954983,0.856841815367304,0.9320602361602299,0.0,0.7,0.0
50,chaos,8.5,6.25,0.02763260526705801,0.011756557066456941,0.9083583163340178,0.9604741633623093,0.0,0.35,0.0
50,icmp,0.5,0.5,0.04533980842775952,0.045309676312438305,0.7546243650978511,0.7547933566187885,0.0,0.0,0.0
50,pulse,12.5,0.75,0.023524324849541374,0.012507645810998457,0.8506666157677533,0.9287825651696668,0.0,0.6,0.0
50,polymorph,12.500000000000002,0.25,0.06940633706935764,0.030586849745739712,0.9009360712078018,0.9571629083795024,0.0,0.95,0.0
50,boundary,0.0,0.0,0.03906866906554579,0.011652468268311577,0.8970617585427811,0.9673890893726991,0.0,0.0,0.0
50,icmp_chaos,24.5,19.000000000000004,0.04263961225376199,0.026400935721389435,0.818626927046003,0.8743715244641723,0.0,0.15,0.0
51,benign,0.0,0.0,0.0,0.0,0.0,0.0,0.0,0.0,0.0
51,mild,0.0,0.0,0.024859665355727624,0.0021569688003995153,0.9265366340645411,0.9891094021902177,0.0,0.0,0.0
51,strong,17.25,1.7500000000000002,0.05801829179845193,0.024774685812880688,0.7998827928123995,0.9146134870885069,0.0,0.85,0.0
51,chaos,11.000000000000002,7.75,0.04520031022137063,0.015768892849142797,0.8828262030012892,0.9616232503829284,0.0,0.5,0.0
51,icmp,0.0,0.0,0.05114860341051715,0.051129817431176595,0.7696923901397803,0.7697844196094605,0.0,0.0,0.0
51,pulse,6.249999999999999,0.0,0.026136921238624166,0.011757559169265774,0.850933913050534,0.9332990248768599,0.0,0.45,0.0
51,polymorph,9.250000000000004,0.0,0.07417382016746657,0.02908137846267641,0.8979987706078136,0.9601629043354996,0.0,0.9,0.0
51,boundary,0.0,0.0,0.06447596898619576,0.015540864121407325,0.8382602263820947,0.9587240329213339,0.0,0.0,0.0
51,icmp_chaos,20.5,18.5,0.04699268894631112,0.029671269226018655,0.8329184569756463,0.8749292392739031,0.0,0.25,0.0
